step,phase,action,vehicle_queue,ped_queue,vehicle_wait,ped_wait,veh_thru_step,ped_thru_step,reward
0,0,,0,0,0.0,0.0,0,0,-0.0
1,0,,0,0,0.0,0.0,0,0,-0.0
2,0,,0,0,0.0,0.0,0,0,-0.0
3,0,,0,0,0.0,0.0,0,0,-0.0
4,0,,0,0,0.0,0.0,0,0,-0.0
5,0,,0,0,0.0,0.0,0,0,-0.0
6,0,,0,0,0.0,0.0,0,0,-0.0
7,0,,0,0,0.0,0.0,0,0,-0.0
8,0,,0,0,0.0,0.0,0,0,-0.0
9,0,,0,0,0.0,0.0,0,0,-0.0
10,0,,0,0,0.0,0.0,0,0,-0.0
11,0,,0,0,0.0,0.0,0,0,-0.0
12,0,,0,0,0.0,0.0,0,0,-0.0
13,0,,0,0,0.0,0.0,0,0,-0.0
14,0,,0,0,0.0,0.0,0,0,-0.0
15,0,,0,0,0.0,0.0,0,0,-0.0
16,0,,0,0,0.0,0.0,0,0,-0.0
17,0,,0,0,0.0,0.0,0,0,-0.0
18,0,,0,0,0.0,0.0,0,0,-0.0
19,0,,0,0,0.0,0.0,0,0,-0.0
20,0,,0,0,0.0,0.0,0,0,-0.0
21,0,,0,0,0.0,0.0,0,0,-0.0
22,0,,0,0,0.0,0.0,0,0,-0.0
23,0,,0,0,0.0,0.0,0,0,-0.0
24,0,,0,0,0.0,0.0,0,0,-0.0
25,0,,0,0,0.0,0.0,0,0,-0.0
26,0,,0,0,0.0,0.0,0,0,-0.0
27,0,,0,0,0.0,0.0,0,0,-0.0
28,0,,0,0,0.0,0.0,0,0,-0.0
29,0,,0,0,0.0,0.0,0,0,-0.0
30,0,,0,0,0.0,0.0,0,0,-0.0
31,0,,0,0,0.0,0.0,0,0,-0.0
32,0,,0,0,0.0,0.0,0,0,-0.0
33,0,,0,0,0.0,0.0,0,0,-0.0
34,0,,0,0,0.0,0.0,0,0,-0.0
35,0,,0,0,0.0,0.0,0,0,-0.0
36,0,,0,0,0.0,0.0,0,0,-0.0
37,0,,0,0,0.0,0.0,0,0,-0.0
38,0,,0,0,0.0,0.0,0,0,-0.0
39,0,,0,0,0.0,0.0,0,0,-0.0
40,0,,0,0,0.0,0.0,0,0,-0.0
41,0,,0,0,0.0,0.0,0,0,-0.0
42,0,,0,0,0.0,0.0,0,0,-0.0
43,0,,0,0,0.0,0.0,0,0,-0.0
44,0,,0,0,0.0,0.0,0,0,-0.0
45,0,,0,0,0.0,0.0,0,0,-0.0
46,0,,0,0,0.0,0.0,0,0,-0.0
47,0,,0,0,0.0,0.0,0,0,-0.0
48,0,,0,0,0.0,0.0,0,0,-0.0
49,1,,0,0,0.0,0.0,0,0,-0.0
50,1,,0,0,0.0,0.0,0,0,-0.0
51,1,,0,0,0.0,0.0,0,0,-0.0
52,1,,0,0,0.0,0.0,0,0,-0.0
53,1,,0,0,0.0,0.0,0,0,-0.0
54,1,,0,0,0.0,0.0,0,0,-0.0
55,1,,0,0,0.0,0.0,0,0,-0.0
56,1,,0,0,0.0,0.0,0,0,-0.0
57,1,,0,0,0.0,0.0,0,0,-0.0
58,1,,0,0,0.0,0.0,0,0,-0.0
59,1,,0,0,0.0,0.0,0,0,-0.0
60,1,,0,0,0.0,0.0,0,0,-0.0
61,1,,0,0,0.0,0.0,0,0,-0.0
62,1,,0,0,0.0,0.0,0,0,-0.0
63,1,,0,0,0.0,0.0,0,0,-0.0
64,1,,0,0,0.0,0.0,0,0,-0.0
65,1,,0,0,0.0,0.0,0,0,-0.0
66,1,,0,0,0.0,0.0,0,0,-0.0
67,1,,0,0,0.0,0.0,0,0,-0.0
68,1,,0,2,0.0,3.0,0,0,-0.03
69,1,,0,2,0.0,4.0,0,0,-0.03
70,1,,0,2,0.0,5.0,0,0,-0.03
71,1,,0,2,0.0,6.0,0,0,-0.03
72,1,,0,3,0.0,8.5,0,0,-0.045
73,1,,0,3,0.0,10.0,0,0,-0.045
74,1,,0,2,0.0,9.0,0,0,-0.03
75,1,,0,2,0.0,10.0,0,0,-0.03
76,1,,0,2,0.0,11.0,0,0,-0.03
77,1,,0,3,0.0,13.5,0,0,-0.045
78,1,,6,4,9.0,16.5,0,0,-0.12
79,1,,6,4,12.0,18.5,0,0,-0.12
80,1,,6,4,15.0,20.5,0,0,-0.12
81,1,,6,4,18.0,22.5,0,0,-0.12
82,1,,6,4,21.0,24.5,0,0,-0.12
83,1,,6,4,24.0,26.5,0,0,-0.12
84,1,,6,4,27.0,28.5,0,0,-0.12
85,1,,6,4,30.0,30.5,0,0,-0.12
86,1,,6,4,33.0,32.5,0,0,-0.12
87,1,,6,4,36.0,34.5,0,0,-0.12
88,1,,6,4,39.0,36.5,0,0,-0.12
89,1,,8,4,45.0,38.5,0,0,-0.14
90,1,,8,4,49.0,40.5,0,0,-0.14
91,1,,8,4,53.0,42.5,0,0,-0.14
92,1,,8,4,57.0,44.5,0,0,-0.14
93,1,,8,4,61.0,46.5,0,0,-0.14
94,1,,8,6,65.0,51.5,0,0,-0.16999999999999998
95,1,,8,6,69.0,54.5,0,0,-0.16999999999999998
96,1,,9,6,74.5,57.5,0,0,-0.18
97,1,,10,7,80.5,62.0,0,0,-0.20500000000000002
98,1,,10,7,85.5,65.5,0,0,-0.20500000000000002
99,1,,10,7,90.5,69.0,0,0,-0.20500000000000002
100,1,,10,7,95.5,72.5,0,0,-0.20500000000000002
101,1,,10,7,100.5,76.0,0,0,-0.20500000000000002
102,1,,10,7,105.5,79.5,0,0,-0.20500000000000002
103,1,,12,7,113.5,83.0,0,0,-0.22499999999999998
104,1,,12,7,119.5,86.5,0,0,-0.22499999999999998
105,1,,12,7,125.5,90.0,0,0,-0.22499999999999998
106,1,,12,7,131.5,93.5,0,0,-0.22499999999999998
107,1,,12,7,137.5,97.0,0,0,-0.22499999999999998
108,1,,12,7,143.5,100.5,0,0,-0.22499999999999998
109,1,,12,7,149.5,104.0,0,0,-0.22499999999999998
110,1,,12,8,155.5,109.0,0,0,-0.24
111,1,,12,8,161.5,113.0,0,0,-0.24
112,1,,12,8,167.5,117.0,0,0,-0.24
113,1,,12,8,173.5,121.0,0,0,-0.24
114,1,,13,8,181.0,125.0,0,0,-0.25
115,1,,13,8,187.5,129.0,0,0,-0.25
116,1,,13,8,194.0,133.0,0,0,-0.25
117,1,,13,8,200.5,137.0,0,0,-0.25
118,1,,13,8,207.0,141.0,0,0,-0.25
119,1,,13,8,213.5,145.0,0,0,-0.25
120,1,,13,8,220.0,149.0,0,0,-0.25
121,1,,13,8,226.5,153.0,0,0,-0.25
122,1,,14,8,234.5,157.0,0,0,-0.26
123,1,,14,8,241.5,161.0,0,0,-0.26
124,1,,14,8,248.5,165.0,0,0,-0.26
125,1,,14,8,255.5,169.0,0,0,-0.26
126,1,,14,8,262.5,173.0,0,0,-0.26
127,1,,14,8,269.5,177.0,0,0,-0.26
128,1,,14,8,276.5,181.0,0,0,-0.26
129,1,,14,8,283.5,185.0,0,0,-0.26
130,1,,15,8,292.0,189.0,0,0,-0.27
131,1,,15,8,299.5,193.0,0,0,-0.27
132,1,,15,8,307.0,197.0,0,0,-0.27
133,1,,15,8,314.5,201.0,0,0,-0.27
134,1,,15,8,322.0,205.0,0,0,-0.27
135,1,,15,8,329.5,209.0,0,0,-0.27
136,1,,15,8,337.0,213.0,0,0,-0.27
137,1,,15,8,344.5,217.0,0,0,-0.27
138,1,,16,8,353.5,221.0,0,0,-0.28
139,2,,16,8,361.5,225.0,0,0,-0.28
140,2,,16,8,369.5,229.0,0,0,-0.28
141,2,,17,8,379.0,233.0,0,0,-0.29000000000000004
142,2,,18,8,389.0,237.0,0,0,-0.3
143,2,,18,8,398.0,241.0,0,0,-0.3
144,2,,18,8,407.0,245.0,0,0,-0.3
145,2,,18,8,416.0,249.0,0,0,-0.3
146,2,,19,8,426.5,253.0,0,0,-0.31
147,2,,19,8,436.0,257.0,1,0,-0.31
148,2,,19,8,445.5,261.0,2,0,-0.31
149,2,,21,8,458.0,265.0,0,0,-0.32999999999999996
150,2,,23,8,471.5,269.0,0,0,-0.35
151,3,,22,8,408.5,273.0,0,0,-0.33999999999999997
152,3,,22,8,419.5,277.0,0,0,-0.33999999999999997
153,3,,22,8,430.5,281.0,0,0,-0.33999999999999997
154,3,,23,8,443.0,285.0,0,0,-0.35
155,3,,23,8,454.5,289.0,0,0,-0.35
156,3,,23,8,466.0,293.0,0,0,-0.35
157,3,,23,8,477.5,297.0,0,0,-0.35
158,3,,23,8,489.0,301.0,0,0,-0.35
159,3,,23,8,500.5,305.0,2,0,-0.35
160,3,,23,8,512.0,309.0,0,0,-0.35
161,3,,25,8,526.5,313.0,0,0,-0.37
162,3,,25,8,539.0,317.0,0,0,-0.37
163,3,,27,8,554.5,321.0,0,0,-0.39
164,3,,31,8,574.0,325.0,0,0,-0.43
165,3,,32,8,591.0,329.0,0,0,-0.44
166,3,,32,8,607.0,333.0,1,0,-0.44
167,3,,32,8,623.0,337.0,0,0,-0.44
168,3,,32,8,639.0,341.0,0,0,-0.44
169,3,,33,8,656.5,345.0,1,0,-0.45
170,3,,33,8,673.0,349.0,1,0,-0.45
171,3,,34,8,691.0,353.0,0,0,-0.46
172,3,,34,8,708.0,357.0,0,0,-0.46
173,3,,36,8,728.0,361.0,0,0,-0.48
174,3,,37,8,747.5,365.0,0,0,-0.49
175,3,,37,8,766.0,369.0,0,0,-0.49
176,3,,38,8,786.0,373.0,0,0,-0.5
177,3,,38,8,805.0,377.0,0,0,-0.5
178,3,,38,8,824.0,381.0,0,0,-0.5
179,3,,38,8,843.0,385.0,0,0,-0.5
180,3,,38,8,862.0,389.0,1,0,-0.5
181,3,,38,8,881.0,393.0,0,0,-0.5
182,3,,38,8,900.0,397.0,0,0,-0.5
183,3,,40,8,922.0,401.0,0,0,-0.52
184,3,,40,8,942.0,405.0,0,0,-0.52
185,3,,42,8,965.0,409.0,0,0,-0.54
186,3,,44,8,989.0,413.0,0,0,-0.56
187,3,,44,8,1011.0,417.0,0,0,-0.56
188,3,,44,8,1033.0,421.0,0,0,-0.56
189,3,,45,8,1056.5,425.0,0,0,-0.5700000000000001
190,3,,46,8,1080.5,429.0,0,0,-0.5800000000000001
191,3,,46,8,1103.5,433.0,1,0,-0.5800000000000001
192,3,,47,8,1128.0,437.0,0,0,-0.59
193,3,,48,8,1153.0,441.0,0,0,-0.6
194,3,,48,8,1177.0,445.0,0,0,-0.6
195,3,,48,8,1201.0,449.0,0,0,-0.6
196,3,,49,8,1226.5,453.0,0,0,-0.61
197,3,,49,8,1251.0,457.0,1,0,-0.61
198,3,,49,8,1275.5,461.0,0,0,-0.61
199,3,,49,8,1300.0,465.0,0,0,-0.61
200,3,,49,8,1324.5,469.0,0,0,-0.61
201,3,,51,8,1352.0,473.0,0,0,-0.63
202,3,,52,8,1379.0,477.0,0,0,-0.64
203,3,,53,8,1406.5,481.0,0,0,-0.65
204,3,,54,8,1434.5,485.0,0,0,-0.66
205,3,,55,8,1463.0,489.0,0,0,-0.67
206,3,,55,8,1490.5,493.0,0,0,-0.67
207,3,,55,8,1518.0,497.0,1,0,-0.67
208,3,,55,8,1545.5,501.0,0,0,-0.67
209,3,,55,8,1573.0,505.0,0,0,-0.67
210,3,,55,8,1600.5,509.0,0,0,-0.67
211,4,,57,8,1631.0,513.0,0,0,-0.69
212,4,,57,8,1659.5,517.0,0,0,-0.69
213,4,,57,8,1688.0,521.0,0,0,-0.69
214,4,,57,8,1716.5,525.0,0,0,-0.69
215,4,,57,8,1745.0,529.0,0,0,-0.69
216,4,,57,8,1773.5,533.0,0,0,-0.69
217,4,,57,8,1802.0,537.0,0,0,-0.69
218,4,,57,8,1830.5,541.0,1,0,-0.69
219,4,,58,8,1860.5,545.0,0,0,-0.7
220,4,,58,8,1889.5,549.0,0,0,-0.7
221,4,,59,8,1920.0,553.0,0,0,-0.71
222,4,,59,8,1949.5,557.0,0,0,-0.71
223,5,,53,8,1632.0,561.0,0,0,-0.65
224,5,,49,8,1425.5,565.0,0,0,-0.61
225,5,,46,8,1273.0,569.0,0,0,-0.5800000000000001
226,5,,44,8,1147.5,573.0,0,0,-0.56
227,5,,44,8,1169.5,577.0,0,0,-0.56
228,5,,41,8,1070.5,581.0,0,0,-0.53
229,5,,37,8,1015.0,585.0,0,0,-0.49
230,5,,35,8,992.5,589.0,0,0,-0.47
231,5,,35,6,1010.0,446.5,2,0,-0.43999999999999995
232,5,,35,6,1014.0,449.5,0,0,-0.43999999999999995
233,5,,34,4,1027.5,289.0,0,0,-0.4
234,5,,35,3,1046.0,206.5,0,0,-0.39499999999999996
235,5,,35,3,1063.5,208.0,0,0,-0.39499999999999996
236,5,,36,3,1082.5,209.5,0,0,-0.40499999999999997
237,5,,36,3,1100.5,211.0,0,0,-0.40499999999999997
238,5,,36,3,1118.5,212.5,0,0,-0.40499999999999997
239,5,,36,3,1136.5,214.0,0,0,-0.40499999999999997
240,5,,36,3,1154.5,215.5,0,0,-0.40499999999999997
241,5,,36,3,1172.5,217.0,0,0,-0.40499999999999997
242,5,,36,2,1190.5,151.0,0,0,-0.39
243,5,,37,2,1210.0,152.0,0,0,-0.4
244,5,,37,2,1228.5,153.0,0,0,-0.4
245,5,,37,2,1247.0,154.0,0,0,-0.4
246,5,,37,2,1265.5,155.0,0,0,-0.4
247,5,,37,2,1284.0,156.0,0,0,-0.4
248,5,,37,2,1302.5,157.0,0,0,-0.4
249,5,,37,2,1321.0,158.0,0,0,-0.4
250,5,,37,2,1339.5,159.0,0,0,-0.4
251,5,,37,2,1358.0,160.0,0,0,-0.4
252,5,,37,2,1376.5,161.0,2,0,-0.4
253,5,,38,2,1396.5,162.0,0,0,-0.41000000000000003
254,5,,38,2,1415.5,163.0,0,0,-0.41000000000000003
255,5,,38,2,1434.5,164.0,0,0,-0.41000000000000003
256,5,,38,2,1453.5,165.0,2,0,-0.41000000000000003
257,5,,38,2,1472.5,166.0,0,0,-0.41000000000000003
258,5,,38,2,1491.5,167.0,0,0,-0.41000000000000003
259,5,,38,2,1510.5,168.0,0,0,-0.41000000000000003
260,5,,39,2,1531.0,169.0,0,0,-0.42000000000000004
261,5,,39,2,1550.5,170.0,0,0,-0.42000000000000004
262,5,,39,2,1570.0,171.0,0,0,-0.42000000000000004
263,5,,39,2,1589.5,172.0,0,0,-0.42000000000000004
264,5,,40,2,1610.5,173.0,0,0,-0.43000000000000005
265,5,,40,2,1630.5,174.0,0,0,-0.43000000000000005
266,5,,40,2,1650.5,175.0,0,0,-0.43000000000000005
267,5,,40,2,1670.5,176.0,0,0,-0.43000000000000005
268,5,,40,2,1690.5,177.0,0,0,-0.43000000000000005
269,5,,41,2,1712.0,178.0,0,0,-0.43999999999999995
270,5,,41,2,1732.5,179.0,0,0,-0.43999999999999995
271,5,,41,3,1753.0,181.5,0,0,-0.45499999999999996
272,5,,42,3,1775.0,183.0,0,0,-0.46499999999999997
273,6,,40,3,1607.5,184.5,0,0,-0.445
274,6,,39,3,1537.5,186.0,0,0,-0.435
275,6,,39,3,1557.0,187.5,0,0,-0.435
276,6,,39,3,1576.5,189.0,0,0,-0.435
277,6,,39,3,1596.0,190.5,0,0,-0.435
278,6,,40,3,1617.0,192.0,0,0,-0.445
279,6,,40,3,1637.0,193.5,0,0,-0.445
280,6,,40,3,1657.0,195.0,0,0,-0.445
281,6,,40,3,1677.0,196.5,0,0,-0.445
282,6,,40,3,1697.0,198.0,0,0,-0.445
283,6,,40,4,1717.0,201.0,0,0,-0.46
284,6,,41,4,1738.5,203.0,0,0,-0.47
285,6,,41,4,1759.0,205.0,0,0,-0.47
286,6,,41,4,1779.5,207.0,0,0,-0.47
287,6,,42,4,1801.5,209.0,1,0,-0.48
288,6,,42,4,1822.5,211.0,0,0,-0.48
289,6,,42,4,1843.5,213.0,0,0,-0.48
290,6,,43,5,1866.0,216.5,0,0,-0.505
291,6,,43,6,1887.5,220.5,0,0,-0.52
292,6,,43,6,1909.0,223.0,0,0,-0.52
293,6,,43,6,1930.5,225.5,0,0,-0.52
294,6,,43,6,1952.0,228.5,0,0,-0.52
295,6,,45,6,1976.5,231.5,0,0,-0.54
296,6,,45,7,1999.0,236.0,0,0,-0.555
297,6,,45,9,2021.5,242.5,0,0,-0.585
298,6,,46,9,2045.5,247.0,0,0,-0.595
299,6,,47,9,2070.0,251.5,0,0,-0.605
300,6,,48,9,2095.0,256.0,0,0,-0.615
301,6,,48,9,2119.0,260.5,0,0,-0.615
302,6,,48,9,2143.0,265.0,0,0,-0.615
303,6,,48,9,2167.0,269.5,4,0,-0.615
304,6,,50,9,2194.0,274.0,0,0,-0.635
305,6,,50,9,2219.0,278.5,0,0,-0.635
306,6,,52,9,2247.0,283.0,3,0,-0.655
307,6,,52,9,2273.0,287.5,0,0,-0.655
308,6,,52,10,2299.0,293.5,0,0,-0.67
309,6,,52,10,2325.0,298.5,1,0,-0.67
310,6,,52,11,2351.0,305.0,0,0,-0.685
311,6,,52,12,2377.0,312.0,0,0,-0.7
312,6,,53,12,2404.5,318.0,1,0,-0.71
313,6,,54,12,2432.5,324.0,0,0,-0.72
314,6,,54,12,2459.5,330.0,0,0,-0.72
315,6,,54,12,2486.5,336.0,2,0,-0.72
316,6,,54,13,2513.5,343.5,0,0,-0.7350000000000001
317,6,,54,13,2540.5,350.0,0,0,-0.7350000000000001
318,6,,54,13,2567.5,356.5,3,0,-0.7350000000000001
319,6,,54,13,2594.5,363.0,0,0,-0.7350000000000001
320,6,,54,13,2621.5,369.5,0,0,-0.7350000000000001
321,6,,55,13,2650.0,376.0,2,0,-0.7450000000000001
322,6,,55,13,2677.5,382.5,1,0,-0.7450000000000001
323,6,,55,13,2705.0,389.0,0,0,-0.7450000000000001
324,6,,55,13,2732.5,395.5,6,0,-0.7450000000000001
325,6,,55,13,2760.0,402.0,0,0,-0.7450000000000001
326,6,,55,13,2787.5,408.5,0,0,-0.7450000000000001
327,6,,55,13,2815.0,415.0,2,0,-0.7450000000000001
328,6,,55,13,2842.5,421.5,0,0,-0.7450000000000001
329,6,,55,13,2870.0,428.0,0,0,-0.7450000000000001
330,6,,55,13,2897.5,434.5,3,0,-0.7450000000000001
331,6,,55,13,2925.0,441.0,1,0,-0.7450000000000001
332,6,,55,13,2952.5,447.5,0,0,-0.7450000000000001
333,6,,56,13,2981.5,454.0,0,0,-0.7550000000000001
334,6,,56,13,3009.5,460.5,5,0,-0.7550000000000001
335,6,,56,13,3037.5,467.0,1,0,-0.7550000000000001
336,6,,56,13,3065.5,473.5,0,0,-0.7550000000000001
337,6,,57,13,3095.0,480.0,2,0,-0.7649999999999999
338,6,,57,14,3123.5,488.0,1,0,-0.7799999999999999
339,6,,58,13,3153.5,493.0,2,0,-0.7749999999999999
340,6,,58,13,3182.5,499.5,0,0,-0.7749999999999999
341,6,,58,13,3211.5,506.0,1,0,-0.7749999999999999
342,6,,58,13,3240.5,512.5,1,0,-0.7749999999999999
343,6,,59,14,3271.0,520.5,0,0,-0.7999999999999999
344,6,,59,14,3300.5,527.5,0,0,-0.7999999999999999
345,6,,59,14,3330.0,534.5,0,0,-0.7999999999999999
346,6,,60,14,3361.0,541.5,0,0,-0.8099999999999999
347,6,,60,14,3391.0,548.5,1,0,-0.8099999999999999
348,6,,60,14,3421.0,555.5,0,0,-0.8099999999999999
349,6,,60,14,3451.0,562.5,0,0,-0.8099999999999999
350,6,,60,14,3481.0,569.5,0,0,-0.8099999999999999
351,6,,61,14,3512.5,576.5,1,0,-0.82
352,6,,61,14,3543.0,583.5,0,0,-0.82
353,6,,61,14,3573.5,590.5,0,0,-0.82
354,6,,61,14,3604.0,597.5,0,0,-0.82
355,6,,62,14,3636.0,604.5,1,0,-0.83
356,6,,62,14,3667.0,611.5,0,0,-0.83
357,6,,62,14,3698.0,618.5,0,0,-0.83
358,6,,63,14,3730.5,625.5,1,0,-0.84
359,6,,63,14,3762.0,632.5,0,0,-0.84
360,6,,63,14,3793.5,639.5,0,0,-0.84
361,6,,63,14,3825.0,646.5,0,0,-0.84
362,6,,63,14,3856.5,653.5,0,0,-0.84
363,7,,63,14,3888.0,660.5,1,0,-0.84
364,7,,63,14,3919.5,667.5,1,0,-0.84
365,7,,63,14,3951.0,674.5,1,0,-0.84
366,7,,63,14,3982.5,681.5,0,0,-0.84
367,7,,63,14,4014.0,688.5,0,0,-0.84
368,7,,63,14,4045.5,695.5,1,0,-0.84
369,7,,64,14,4078.5,702.5,0,0,-0.85
370,7,,64,14,4110.5,709.5,0,0,-0.85
371,7,,65,14,4144.0,716.5,1,0,-0.86
372,7,,65,14,4176.5,723.5,0,0,-0.86
373,7,,66,14,4210.5,730.5,0,0,-0.87
374,7,,67,14,4245.0,737.5,1,0,-0.88
375,8,,65,14,3987.5,744.5,1,0,-0.86
376,8,,64,14,3812.5,751.5,0,0,-0.85
377,8,,63,14,3639.5,758.5,0,0,-0.84
378,8,,62,14,3514.0,765.5,1,0,-0.83
379,8,,62,14,3545.0,772.5,0,0,-0.83
380,8,,60,14,3489.5,779.5,0,0,-0.8099999999999999
381,8,,60,14,3502.5,786.5,1,0,-0.8099999999999999
382,8,,60,14,3532.5,793.5,0,0,-0.8099999999999999
383,8,,60,14,3562.5,800.5,0,0,-0.8099999999999999
384,8,,60,14,3592.5,807.5,1,0,-0.8099999999999999
385,8,,61,14,3624.0,814.5,0,0,-0.82
386,8,,61,14,3654.5,821.5,0,0,-0.82
387,8,,61,14,3685.0,828.5,0,0,-0.82
388,8,,61,14,3715.5,835.5,2,0,-0.82
389,8,,62,14,3747.5,842.5,0,0,-0.83
390,8,,64,14,3781.5,849.5,0,0,-0.85
391,8,,64,14,3813.5,856.5,0,1,-0.85
392,8,,64,14,3845.5,863.5,0,0,-0.85
393,8,,65,14,3879.0,870.5,1,0,-0.86
394,8,,66,14,3913.0,877.5,0,0,-0.87
395,8,,66,14,3946.0,884.5,1,0,-0.87
396,8,,67,14,3980.5,891.5,0,0,-0.88
397,8,,67,14,4014.0,898.5,0,0,-0.88
398,8,,67,14,4047.5,905.5,2,0,-0.88
399,8,,68,14,4082.5,912.5,0,0,-0.89
400,8,,68,14,4116.5,919.5,2,0,-0.89
401,8,,69,14,4152.0,926.5,0,0,-0.8999999999999999
402,8,,71,14,4189.5,933.5,0,0,-0.9199999999999999
403,8,,72,14,4226.5,940.5,0,0,-0.9299999999999999
404,8,,73,14,4264.0,947.5,0,0,-0.94
405,8,,73,14,4300.5,954.5,0,0,-0.94
406,8,,73,14,4337.0,961.5,0,0,-0.94
407,8,,74,14,4375.0,968.5,0,0,-0.95
408,8,,73,14,4410.0,975.5,0,1,-0.94
409,8,,73,14,4446.5,982.5,2,0,-0.94
410,8,,74,14,4484.5,989.5,0,0,-0.95
411,8,,74,14,4521.5,996.5,0,0,-0.95
412,8,,75,14,4560.0,1003.5,0,0,-0.96
413,8,,75,14,4597.5,1010.5,0,0,-0.96
414,8,,76,14,4636.5,1017.5,0,0,-0.97
415,8,,77,14,4676.0,1024.5,0,0,-0.98
416,8,,77,14,4714.5,1031.5,0,0,-0.98
417,8,,77,14,4753.0,1038.5,0,0,-0.98
418,8,,77,14,4791.5,1045.5,0,0,-0.98
419,8,,77,14,4830.0,1052.5,1,0,-0.98
420,8,,78,14,4870.0,1059.5,0,0,-0.99
421,8,,78,14,4909.0,1066.5,0,0,-0.99
422,8,,79,14,4949.5,1073.5,0,0,-1.0
423,8,,79,14,4989.0,1080.5,0,0,-1.0
424,8,,81,14,5031.5,1087.5,0,0,-1.02
425,8,,81,14,5072.0,1094.5,0,0,-1.02
426,8,,81,14,5112.5,1101.5,0,0,-1.02
427,8,,82,14,5154.5,1108.5,0,0,-1.03
428,8,,82,14,5195.5,1115.5,0,0,-1.03
429,8,,82,14,5236.5,1122.5,0,0,-1.03
430,8,,82,14,5277.5,1129.5,2,0,-1.03
431,8,,83,14,5320.0,1136.5,0,0,-1.04
432,8,,83,14,5361.5,1143.5,0,0,-1.04
433,8,,83,14,5403.0,1150.5,0,0,-1.04
434,8,,83,14,5444.5,1157.5,0,0,-1.04
435,9,,85,14,5489.0,1164.5,0,0,-1.06
436,9,,85,14,5531.5,1171.5,1,0,-1.06
437,9,,86,14,5575.5,1178.5,0,0,-1.07
438,9,,86,14,5618.5,1185.5,0,0,-1.07
439,9,,86,14,5661.5,1192.5,0,0,-1.07
440,9,,86,14,5704.5,1199.5,0,0,-1.07
441,0,,80,10,4879.5,941.0,0,0,-0.9500000000000001
442,0,,76,10,4373.0,946.0,0,0,-0.91
443,0,,72,10,3903.0,951.0,0,0,-0.87
444,0,,72,9,3584.5,904.0,0,0,-0.855
445,0,,71,9,3507.0,908.5,0,0,-0.845
446,0,,67,9,3095.0,913.0,0,0,-0.805
447,0,,64,9,2735.5,917.5,0,0,-0.775
448,0,,64,8,2680.5,832.0,0,0,-0.76
449,0,,61,5,2440.5,601.5,0,0,-0.6849999999999999
450,0,,57,4,2145.5,525.5,0,0,-0.6299999999999999
451,0,,56,4,2089.0,527.5,0,0,-0.6200000000000001
452,0,,53,4,1919.0,529.5,0,0,-0.5900000000000001
453,0,,50,4,1750.0,531.5,0,0,-0.56
454,0,,49,4,1653.0,533.5,0,0,-0.55
455,0,,47,4,1523.0,535.5,1,0,-0.53
456,0,,44,4,1410.0,537.5,0,0,-0.5
457,0,,43,4,1360.5,539.5,0,0,-0.49
458,0,,35,4,1150.0,541.5,0,0,-0.41
459,0,,32,3,1113.0,359.5,0,0,-0.365
460,0,,31,2,1125.0,176.5,0,0,-0.33999999999999997
461,0,,31,3,1109.5,179.0,0,0,-0.355
462,0,,32,3,1101.5,180.5,0,0,-0.365
463,0,,33,3,1119.0,182.0,0,0,-0.375
464,0,,32,2,1109.0,180.5,2,0,-0.35
465,0,,31,2,1114.5,181.5,0,0,-0.33999999999999997
466,0,,31,2,1130.0,182.5,0,0,-0.33999999999999997
467,0,,30,2,1141.0,183.5,0,0,-0.32999999999999996
468,0,,30,2,1156.0,184.5,0,0,-0.32999999999999996
469,0,,30,2,1171.0,185.5,0,0,-0.32999999999999996
470,0,,30,2,1186.0,186.5,0,0,-0.32999999999999996
471,0,,30,2,1201.0,187.5,1,0,-0.32999999999999996
472,0,,30,2,1216.0,188.5,0,0,-0.32999999999999996
473,0,,31,2,1232.5,189.5,0,0,-0.33999999999999997
474,0,,31,2,1248.0,190.5,1,0,-0.33999999999999997
475,0,,31,2,1263.5,191.5,1,0,-0.33999999999999997
476,0,,31,2,1279.0,192.5,0,0,-0.33999999999999997
477,0,,31,2,1294.5,193.5,0,0,-0.33999999999999997
478,0,,31,2,1310.0,194.5,0,0,-0.33999999999999997
479,0,,31,2,1325.5,195.5,0,0,-0.33999999999999997
480,0,,32,2,1342.5,196.5,1,0,-0.35
481,0,,32,2,1358.5,197.5,1,0,-0.35
482,0,,33,2,1376.0,198.5,1,0,-0.36
483,0,,33,2,1392.5,199.5,0,0,-0.36
484,0,,34,2,1410.5,200.5,1,0,-0.37
485,0,,34,2,1427.5,201.5,0,0,-0.37
486,0,,34,3,1444.5,204.0,0,0,-0.385
487,0,,34,3,1461.5,205.5,0,0,-0.385
488,0,,34,3,1478.5,207.0,0,0,-0.385
489,0,,34,3,1495.5,208.5,0,0,-0.385
490,0,,34,2,1512.5,206.5,0,0,-0.37
491,1,,32,3,1330.5,209.0,0,0,-0.365
492,1,,30,3,1249.5,210.5,0,0,-0.345
493,1,,33,4,1269.0,213.5,0,0,-0.39
494,1,,33,6,1285.5,218.5,1,0,-0.42000000000000004
495,1,,37,5,1308.0,219.5,0,1,-0.445
496,1,,38,5,1328.0,222.0,2,0,-0.455
497,1,,39,5,1348.5,224.5,0,0,-0.465
498,1,,39,6,1368.0,228.5,0,0,-0.48
499,1,,40,6,1389.0,231.0,1,0,-0.49
500,1,,41,6,1410.5,234.0,0,0,-0.5
501,1,,41,6,1431.0,237.0,0,0,-0.5
502,1,,41,7,1451.5,241.5,0,0,-0.515
503,1,,42,7,1473.5,245.0,0,0,-0.525
504,1,,42,7,1494.5,248.5,0,0,-0.525
505,1,,42,7,1515.5,252.0,0,0,-0.525
506,1,,42,7,1536.5,255.5,0,0,-0.525
507,1,,42,7,1557.5,259.0,0,0,-0.525
508,1,,42,7,1578.5,262.5,0,0,-0.525
509,1,,42,7,1599.5,266.0,0,0,-0.525
510,1,,43,7,1622.0,269.5,0,0,-0.535
511,1,,43,7,1643.5,273.0,0,0,-0.535
512,1,,44,7,1666.5,276.5,0,0,-0.545
513,1,,45,7,1690.0,280.0,0,0,-0.555
514,1,,45,7,1712.5,283.5,0,0,-0.555
515,1,,45,7,1735.0,287.0,0,0,-0.555
516,1,,45,7,1757.5,290.5,0,0,-0.555
517,1,,45,7,1780.0,294.0,0,0,-0.555
518,1,,45,7,1802.5,297.5,0,0,-0.555
519,1,,45,7,1825.0,301.0,0,0,-0.555
520,1,,45,7,1847.5,304.5,0,0,-0.555
521,1,,45,7,1870.0,308.0,1,0,-0.555
522,1,,47,7,1895.5,311.5,0,0,-0.575
523,1,,47,7,1919.0,315.0,0,0,-0.575
524,1,,45,7,1914.0,318.5,1,0,-0.555
525,1,,45,7,1936.5,322.0,0,0,-0.555
526,1,,45,8,1959.0,327.0,0,0,-0.5700000000000001
527,1,,45,8,1981.5,331.0,1,0,-0.5700000000000001
528,1,,45,8,2004.0,335.0,0,0,-0.5700000000000001
529,1,,45,9,2026.5,340.5,0,0,-0.585
530,1,,45,11,2049.0,348.0,1,0,-0.615
531,1,,45,10,2071.5,351.5,2,0,-0.6
532,1,,45,10,2070.0,356.5,0,0,-0.6
533,1,,45,11,2092.5,363.0,1,0,-0.615
534,1,,45,12,2115.0,370.0,2,0,-0.63
535,1,,45,11,2137.5,373.5,0,0,-0.615
536,1,,45,11,2160.0,379.0,3,0,-0.615
537,1,,45,11,2182.5,384.5,0,0,-0.615
538,1,,45,12,2205.0,391.5,0,0,-0.63
539,1,,46,12,2229.0,397.5,0,0,-0.64
540,1,,47,12,2253.5,403.5,0,0,-0.6499999999999999
541,1,,47,12,2277.0,409.5,0,0,-0.6499999999999999
542,1,,48,12,2302.0,415.5,2,0,-0.6599999999999999
543,1,,49,12,2327.5,421.5,0,0,-0.6699999999999999
544,1,,49,12,2352.0,427.5,1,0,-0.6699999999999999
545,1,,49,12,2376.5,433.5,0,0,-0.6699999999999999
546,1,,49,12,2401.0,439.5,0,0,-0.6699999999999999
547,1,,49,12,2425.5,445.5,1,0,-0.6699999999999999
548,1,,49,12,2450.0,451.5,0,0,-0.6699999999999999
549,1,,49,12,2474.5,457.5,0,0,-0.6699999999999999
550,1,,49,12,2499.0,463.5,1,0,-0.6699999999999999
551,1,,49,12,2523.5,469.5,2,0,-0.6699999999999999
552,1,,49,12,2548.0,475.5,0,0,-0.6699999999999999
553,1,,50,12,2574.0,481.5,2,0,-0.6799999999999999
554,1,,50,12,2599.0,487.5,2,0,-0.6799999999999999
555,1,,50,12,2624.0,493.5,2,0,-0.6799999999999999
556,1,,50,12,2649.0,499.5,1,0,-0.6799999999999999
557,1,,52,12,2677.0,505.5,1,0,-0.7
558,1,,52,12,2703.0,511.5,1,0,-0.7
559,1,,53,12,2730.5,517.5,2,0,-0.71
560,1,,54,12,2758.5,523.5,1,0,-0.72
561,1,,54,12,2785.5,529.5,1,0,-0.72
562,1,,56,12,2815.5,535.5,1,0,-0.74
563,1,,56,13,2843.5,543.0,1,0,-0.7550000000000001
564,1,,57,13,2873.0,549.5,2,0,-0.7649999999999999
565,1,,57,13,2901.5,556.0,0,0,-0.7649999999999999
566,1,,57,13,2930.0,562.5,2,0,-0.7649999999999999
567,1,,57,13,2958.5,569.0,1,0,-0.7649999999999999
568,1,,59,13,2990.0,575.5,1,0,-0.7849999999999999
569,1,,59,13,3019.5,582.0,2,0,-0.7849999999999999
570,1,,59,13,3049.0,588.5,1,0,-0.7849999999999999
571,1,,60,13,3080.0,595.0,0,0,-0.7949999999999999
572,1,,61,13,3111.5,601.5,1,0,-0.8049999999999999
573,1,,61,13,3142.0,608.0,1,0,-0.8049999999999999
574,1,,61,13,3172.5,614.5,2,0,-0.8049999999999999
575,1,,61,13,3203.0,621.0,1,0,-0.8049999999999999
576,1,,61,13,3233.5,627.5,1,0,-0.8049999999999999
577,1,,61,13,3264.0,634.0,1,1,-0.8049999999999999
578,1,,61,13,3294.5,640.5,1,0,-0.8049999999999999
579,1,,61,13,3325.0,647.0,3,0,-0.8049999999999999
580,1,,61,13,3355.5,653.5,2,0,-0.8049999999999999
581,2,,61,13,3386.0,660.0,1,0,-0.8049999999999999
582,2,,61,13,3416.5,666.5,1,0,-0.8049999999999999
583,2,,61,13,3447.0,673.0,3,0,-0.8049999999999999
584,2,,61,13,3477.5,679.5,1,0,-0.8049999999999999
585,2,,61,13,3508.0,686.0,1,0,-0.8049999999999999
586,2,,61,13,3538.5,692.5,1,0,-0.8049999999999999
587,2,,61,13,3569.0,699.0,3,0,-0.8049999999999999
588,2,,61,13,3599.5,705.5,1,0,-0.8049999999999999
589,2,,64,13,3634.5,712.0,1,0,-0.835
590,2,,64,13,3666.5,718.5,1,0,-0.835
591,2,,64,13,3698.5,725.0,2,0,-0.835
592,2,,65,13,3732.0,731.5,1,0,-0.845
593,3,,63,13,3434.0,738.0,1,0,-0.825
594,3,,61,13,3202.0,744.5,2,0,-0.8049999999999999
595,3,,59,13,3035.5,751.0,0,0,-0.7849999999999999
596,3,,58,13,2979.0,757.5,0,0,-0.7749999999999999
597,3,,58,13,2956.0,764.0,1,1,-0.7749999999999999
598,3,,56,13,2912.5,770.5,1,0,-0.7550000000000001
599,3,,57,13,2924.5,777.0,0,0,-0.7649999999999999
600,3,,57,13,2953.0,783.5,1,0,-0.7649999999999999
601,3,,58,13,2983.0,790.0,0,0,-0.7749999999999999
602,3,,60,13,3015.0,796.5,0,0,-0.7949999999999999
603,3,,60,13,3045.0,803.0,0,0,-0.7949999999999999
604,3,,60,13,3075.0,809.5,1,0,-0.7949999999999999
605,3,,60,13,3105.0,816.0,0,0,-0.7949999999999999
606,3,,61,13,3136.5,822.5,0,1,-0.8049999999999999
607,3,,61,13,3167.0,829.0,1,0,-0.8049999999999999
608,3,,61,13,3197.5,835.5,0,0,-0.8049999999999999
609,3,,61,13,3228.0,842.0,0,0,-0.8049999999999999
610,3,,61,13,3258.5,848.5,0,0,-0.8049999999999999
611,3,,61,13,3289.0,855.0,1,0,-0.8049999999999999
612,3,,61,13,3319.5,861.5,1,0,-0.8049999999999999
613,3,,61,13,3350.0,868.0,1,0,-0.8049999999999999
614,3,,61,13,3380.5,874.5,1,0,-0.8049999999999999
615,3,,61,13,3411.0,881.0,0,0,-0.8049999999999999
616,3,,61,13,3441.5,887.5,0,0,-0.8049999999999999
617,3,,61,13,3472.0,894.0,1,0,-0.8049999999999999
618,3,,61,13,3502.5,900.5,3,0,-0.8049999999999999
619,3,,62,13,3534.5,907.0,0,0,-0.815
620,3,,62,13,3565.5,913.5,0,0,-0.815
621,3,,64,13,3599.5,920.0,0,0,-0.835
622,3,,64,13,3631.5,926.5,0,0,-0.835
623,3,,64,13,3663.5,933.0,0,0,-0.835
624,3,,65,13,3697.0,939.5,1,0,-0.845
625,3,,66,13,3731.0,946.0,0,0,-0.855
626,3,,66,13,3764.0,952.5,0,1,-0.855
627,3,,66,13,3797.0,959.0,0,0,-0.855
628,3,,66,13,3830.0,965.5,0,0,-0.855
629,3,,67,13,3864.5,972.0,1,0,-0.865
630,3,,67,13,3898.0,978.5,0,0,-0.865
631,3,,67,13,3931.5,985.0,0,0,-0.865
632,3,,69,13,3968.0,991.5,0,0,-0.885
633,3,,69,13,4002.5,998.0,0,0,-0.885
634,3,,69,13,4037.0,1004.5,1,0,-0.885
635,3,,69,13,4071.5,1011.0,0,0,-0.885
636,3,,71,13,4109.0,1017.5,0,0,-0.905
637,3,,71,13,4144.5,1024.0,1,0,-0.905
638,3,,72,13,4181.5,1030.5,1,0,-0.915
639,3,,73,13,4219.0,1037.0,0,0,-0.925
640,3,,74,13,4257.0,1043.5,0,0,-0.935
641,3,,75,13,4295.5,1050.0,0,0,-0.9450000000000001
642,3,,77,13,4336.0,1056.5,0,0,-0.9650000000000001
643,3,,77,13,4374.5,1063.0,0,0,-0.9650000000000001
644,3,,78,13,4414.5,1069.5,0,0,-0.9750000000000001
645,3,,78,13,4453.5,1076.0,1,0,-0.9750000000000001
646,3,,78,13,4492.5,1082.5,0,0,-0.9750000000000001
647,3,,79,13,4533.0,1089.0,0,0,-0.9850000000000001
648,3,,79,13,4572.5,1095.5,0,0,-0.9850000000000001
649,3,,79,13,4612.0,1102.0,0,0,-0.9850000000000001
650,3,,79,13,4651.5,1108.5,0,0,-0.9850000000000001
651,3,,80,13,4692.5,1115.0,0,0,-0.9950000000000001
652,3,,81,13,4734.0,1121.5,0,0,-1.0050000000000001
653,4,,81,13,4774.5,1128.0,0,1,-1.0050000000000001
654,4,,82,13,4816.5,1134.5,0,0,-1.015
655,4,,82,13,4857.5,1141.0,0,0,-1.015
656,4,,82,13,4898.5,1147.5,0,0,-1.015
657,4,,82,14,4939.5,1155.5,0,0,-1.03
658,4,,82,14,4980.5,1162.5,0,0,-1.03
659,4,,82,14,5021.5,1169.5,0,0,-1.03
660,4,,84,14,5065.5,1176.5,0,0,-1.05
661,4,,85,14,5109.0,1183.5,0,0,-1.06
662,4,,85,14,5151.5,1190.5,0,0,-1.06
663,4,,86,14,5195.5,1197.5,0,0,-1.07
664,4,,86,14,5238.5,1204.5,0,0,-1.07
665,5,,80,9,4603.5,884.5,2,0,-0.935
666,5,,77,9,4109.5,889.0,0,0,-0.905
667,5,,74,8,3656.5,825.5,0,0,-0.86
668,5,,71,8,3357.5,829.5,0,1,-0.83
669,5,,70,9,3288.5,835.0,0,0,-0.835
670,5,,67,9,2915.0,839.5,0,0,-0.805
671,5,,63,9,2580.5,844.0,0,0,-0.765
672,5,,63,9,2524.0,848.5,2,0,-0.765
673,5,,60,7,2300.0,677.5,0,0,-0.705
674,5,,58,6,2078.0,677.0,0,0,-0.6699999999999999
675,5,,56,6,1955.0,680.0,0,0,-0.65
676,5,,53,6,1781.5,673.5,0,0,-0.62
677,5,,50,6,1616.0,676.5,0,0,-0.59
678,5,,48,6,1534.5,679.5,1,0,-0.57
679,5,,46,6,1417.5,682.5,0,0,-0.55
680,5,,45,5,1312.0,682.0,0,0,-0.525
681,5,,43,5,1270.0,684.5,0,0,-0.505
682,5,,40,5,1214.0,687.0,1,0,-0.47500000000000003
683,5,,39,4,1173.5,488.0,1,0,-0.45
684,5,,37,3,1185.5,291.5,0,0,-0.415
685,5,,35,3,1155.5,293.0,1,0,-0.39499999999999996
686,5,,34,3,1154.0,294.5,0,0,-0.385
687,5,,33,3,1149.5,296.0,0,0,-0.375
688,5,,31,4,1138.5,299.0,1,0,-0.37
689,5,,30,4,1143.0,301.0,1,0,-0.36
690,5,,31,5,1150.5,304.5,0,0,-0.385
691,5,,30,5,1164.0,306.5,1,0,-0.375
692,5,,30,5,1179.0,309.0,0,0,-0.375
693,5,,30,5,1194.0,311.5,1,0,-0.375
694,5,,30,6,1209.0,315.5,1,0,-0.39
695,5,,30,5,1224.0,313.5,0,0,-0.375
696,5,,30,6,1239.0,317.5,0,0,-0.39
697,5,,30,5,1254.0,316.0,0,0,-0.375
698,5,,31,5,1270.5,318.5,1,0,-0.385
699,5,,31,5,1286.0,321.0,0,0,-0.385
700,5,,32,5,1303.0,323.5,0,0,-0.395
701,5,,32,6,1319.0,327.5,0,0,-0.41000000000000003
702,5,,33,6,1336.5,330.5,0,0,-0.42000000000000004
703,5,,35,6,1356.0,333.5,1,0,-0.43999999999999995
704,5,,37,6,1376.5,336.5,2,0,-0.45999999999999996
705,5,,37,6,1395.0,339.5,0,0,-0.45999999999999996
706,5,,37,5,1413.5,336.0,0,0,-0.445
707,5,,37,5,1432.0,338.5,0,0,-0.445
708,5,,37,5,1450.5,341.0,0,0,-0.445
709,5,,37,5,1469.0,343.5,0,0,-0.445
710,5,,37,5,1487.5,346.0,0,0,-0.445
711,5,,38,5,1507.5,348.5,0,0,-0.455
712,5,,40,5,1529.5,351.0,0,0,-0.47500000000000003
713,5,,41,5,1551.0,353.5,0,0,-0.485
714,5,,41,5,1571.5,356.0,0,0,-0.485
715,6,,40,5,1370.5,358.5,0,0,-0.47500000000000003
716,6,,38,5,1283.0,361.0,0,0,-0.455
717,6,,36,5,1290.5,363.5,0,0,-0.435
718,6,,36,5,1308.5,366.0,0,0,-0.435
719,6,,36,5,1326.5,368.5,0,0,-0.435
720,6,,36,5,1344.5,371.0,0,0,-0.435
721,6,,37,5,1364.0,373.5,0,0,-0.445
722,6,,39,5,1385.5,376.0,0,0,-0.465
723,6,,39,5,1405.0,378.5,0,0,-0.465
724,6,,39,5,1424.5,381.0,0,0,-0.465
725,6,,39,5,1444.0,383.5,2,0,-0.465
726,6,,39,5,1463.5,386.0,0,0,-0.465
727,6,,39,5,1483.0,388.5,0,0,-0.465
728,6,,40,5,1504.0,391.0,0,0,-0.47500000000000003
729,6,,40,5,1524.0,393.5,0,0,-0.47500000000000003
730,6,,40,5,1544.0,396.0,0,0,-0.47500000000000003
731,6,,40,5,1564.0,398.5,0,0,-0.47500000000000003
732,6,,40,5,1584.0,401.0,0,0,-0.47500000000000003
733,6,,42,5,1607.0,403.5,0,0,-0.495
734,6,,42,5,1628.0,406.0,0,0,-0.495
735,6,,42,5,1649.0,408.5,0,0,-0.495
736,6,,42,5,1670.0,411.0,0,0,-0.495
737,6,,42,5,1691.0,413.5,0,0,-0.495
738,6,,42,5,1712.0,416.0,0,0,-0.495
739,6,,42,5,1733.0,418.5,0,0,-0.495
740,6,,42,6,1754.0,422.5,0,0,-0.51
741,6,,42,6,1775.0,425.5,0,0,-0.51
742,6,,43,5,1797.5,426.0,0,0,-0.505
743,6,,43,5,1819.0,428.5,0,0,-0.505
744,6,,43,5,1840.5,431.0,0,0,-0.505
745,6,,43,6,1862.0,435.0,1,0,-0.52
746,6,,43,6,1883.5,438.0,0,0,-0.52
747,6,,43,6,1905.0,441.0,0,0,-0.52
748,6,,43,6,1926.5,444.0,1,0,-0.52
749,6,,44,6,1949.5,447.0,0,0,-0.53
750,6,,44,7,1971.5,451.5,0,0,-0.545
751,6,,44,7,1993.5,455.0,2,0,-0.545
752,6,,44,7,2015.5,458.5,0,0,-0.545
753,6,,46,7,2040.5,462.0,0,0,-0.5650000000000001
754,6,,46,7,2063.5,465.5,2,0,-0.5650000000000001
755,6,,46,7,2086.5,469.0,2,0,-0.5650000000000001
756,6,,46,7,2109.5,472.5,0,0,-0.5650000000000001
757,6,,46,8,2132.5,477.5,2,0,-0.5800000000000001
758,6,,46,8,2155.5,481.5,1,0,-0.5800000000000001
759,6,,46,8,2178.5,485.5,0,1,-0.5800000000000001
760,6,,46,8,2201.5,489.5,0,0,-0.5800000000000001
761,6,,47,8,2226.0,493.5,0,0,-0.59
762,6,,48,8,2251.0,497.5,0,0,-0.6
763,6,,48,8,2275.0,501.5,0,0,-0.6
764,6,,48,8,2299.0,505.5,0,0,-0.6
765,6,,48,8,2323.0,509.5,1,0,-0.6
766,6,,48,8,2347.0,513.5,1,0,-0.6
767,6,,48,9,2371.0,519.0,1,0,-0.615
768,6,,48,9,2395.0,523.5,1,0,-0.615
769,6,,48,9,2419.0,528.0,0,0,-0.615
770,6,,49,9,2444.5,532.5,2,0,-0.625
771,6,,49,9,2469.0,537.0,1,0,-0.625
772,6,,50,9,2495.0,541.5,0,0,-0.635
773,6,,51,9,2521.5,546.0,1,0,-0.645
774,6,,51,9,2547.0,550.5,0,0,-0.645
775,6,,52,9,2574.0,555.0,2,0,-0.655
776,6,,53,9,2601.5,559.5,1,0,-0.665
777,6,,53,9,2628.0,564.0,0,0,-0.665
778,6,,53,9,2654.5,568.5,1,0,-0.665
779,6,,53,9,2681.0,573.0,1,0,-0.665
780,6,,53,9,2707.5,577.5,1,0,-0.665
781,6,,53,9,2734.0,582.0,1,0,-0.665
782,6,,53,9,2760.5,586.5,1,0,-0.665
783,6,,53,9,2787.0,591.0,0,0,-0.665
784,6,,53,9,2813.5,595.5,2,0,-0.665
785,6,,53,9,2840.0,600.0,1,0,-0.665
786,6,,53,9,2866.5,604.5,1,0,-0.665
787,6,,53,9,2893.0,609.0,2,0,-0.665
788,6,,55,9,2922.5,613.5,1,0,-0.685
789,6,,55,9,2950.0,618.0,0,0,-0.685
790,6,,56,9,2979.0,622.5,3,0,-0.6950000000000001
791,6,,57,9,3008.5,627.0,1,0,-0.705
792,6,,58,9,3038.5,631.5,0,0,-0.715
793,6,,58,9,3067.5,636.0,4,0,-0.715
794,6,,58,9,3096.5,640.5,1,0,-0.715
795,6,,58,9,3125.5,645.0,2,0,-0.715
796,6,,58,9,3154.5,649.5,1,0,-0.715
797,6,,58,9,3183.5,654.0,1,0,-0.715
798,6,,58,9,3212.5,658.5,2,0,-0.715
799,6,,58,9,3241.5,663.0,1,0,-0.715
800,6,,58,9,3270.5,667.5,0,0,-0.715
801,6,,59,9,3301.0,672.0,2,0,-0.725
802,6,,60,9,3332.0,676.5,2,0,-0.735
803,6,,60,9,3362.0,681.0,0,0,-0.735
804,6,,60,9,3392.0,685.5,1,0,-0.735
805,7,,60,9,3422.0,690.0,0,0,-0.735
806,7,,60,9,3452.0,694.5,2,0,-0.735
807,7,,60,9,3482.0,699.0,3,0,-0.735
808,7,,60,9,3512.0,703.5,0,0,-0.735
809,7,,60,9,3542.0,708.0,2,0,-0.735
810,7,,61,9,3573.5,712.5,1,0,-0.745
811,7,,62,9,3605.5,717.0,2,0,-0.755
812,7,,63,9,3638.0,721.5,1,0,-0.765
813,7,,63,9,3669.5,726.0,1,0,-0.765
814,7,,63,9,3701.0,730.5,1,0,-0.765
815,7,,63,9,3732.5,735.0,1,0,-0.765
816,7,,65,9,3767.0,739.5,2,0,-0.785
817,8,,63,9,3496.5,744.0,2,0,-0.765
818,8,,61,9,3275.0,748.5,1,0,-0.745
819,8,,59,9,3119.5,753.0,2,0,-0.725
820,8,,58,9,3035.5,757.5,0,0,-0.715
821,8,,59,9,3066.0,762.0,2,0,-0.725
822,8,,57,9,3052.5,766.5,0,0,-0.705
823,8,,57,9,3081.0,771.0,0,0,-0.705
824,8,,57,9,3109.5,775.5,1,0,-0.705
825,8,,57,9,3138.0,780.0,0,0,-0.705
826,8,,57,9,3166.5,784.5,0,0,-0.705
827,8,,58,9,3196.5,789.0,1,0,-0.715
828,8,,59,9,3227.0,793.5,0,0,-0.725
829,8,,59,9,3256.5,798.0,0,0,-0.725
830,8,,62,9,3290.5,802.5,0,0,-0.755
831,8,,62,9,3321.5,807.0,0,0,-0.755
832,8,,63,9,3354.0,811.5,1,0,-0.765
833,8,,63,9,3385.5,816.0,0,0,-0.765
834,8,,63,9,3417.0,820.5,0,0,-0.765
835,8,,63,9,3448.5,825.0,1,0,-0.765
836,8,,63,9,3480.0,829.5,0,0,-0.765
837,8,,63,9,3511.5,834.0,0,0,-0.765
838,8,,63,9,3543.0,838.5,0,0,-0.765
839,8,,63,9,3574.5,843.0,0,0,-0.765
840,8,,65,9,3609.0,847.5,0,0,-0.785
841,8,,65,9,3641.5,852.0,0,0,-0.785
842,8,,66,9,3675.5,856.5,2,0,-0.795
843,8,,66,9,3708.5,861.0,0,0,-0.795
844,8,,67,9,3743.0,865.5,0,0,-0.805
845,8,,67,9,3776.5,870.0,0,0,-0.805
846,8,,67,9,3810.0,874.5,1,0,-0.805
847,8,,67,9,3843.5,879.0,0,1,-0.805
848,8,,67,9,3877.0,883.5,0,0,-0.805
849,8,,67,9,3910.5,888.0,0,0,-0.805
850,8,,67,9,3944.0,892.5,0,0,-0.805
851,8,,70,9,3982.0,897.0,0,0,-0.835
852,8,,70,9,4017.0,901.5,0,0,-0.835
853,8,,71,9,4053.5,906.0,0,0,-0.845
854,8,,71,9,4089.0,910.5,1,1,-0.845
855,8,,71,9,4124.5,915.0,0,0,-0.845
856,8,,72,9,4161.5,919.5,0,0,-0.855
857,8,,72,9,4197.5,924.0,0,0,-0.855
858,8,,72,9,4233.5,928.5,1,0,-0.855
859,8,,72,9,4269.5,933.0,0,0,-0.855
860,8,,72,9,4305.5,937.5,0,0,-0.855
861,8,,73,9,4343.0,942.0,0,2,-0.865
862,8,,74,9,4381.0,946.5,0,0,-0.875
863,8,,75,9,4419.5,951.0,0,0,-0.885
864,8,,76,9,4458.5,955.5,0,0,-0.895
865,8,,76,9,4496.5,960.0,1,0,-0.895
866,8,,76,9,4534.5,964.5,0,0,-0.895
867,8,,76,9,4572.5,969.0,1,1,-0.895
868,8,,76,9,4610.5,973.5,0,0,-0.895
869,8,,76,9,4648.5,978.0,0,0,-0.895
870,8,,77,11,4688.0,985.5,0,0,-0.935
871,8,,79,9,4729.5,987.0,0,1,-0.925
872,8,,79,9,4769.0,991.5,0,1,-0.925
873,8,,80,9,4810.0,996.0,0,0,-0.935
874,8,,80,11,4850.0,1003.5,0,0,-0.9650000000000001
875,8,,80,11,4890.0,1009.0,0,0,-0.9650000000000001
876,8,,80,11,4930.0,1014.5,0,0,-0.9650000000000001
877,9,,80,12,4970.0,1021.5,0,0,-0.98
878,9,,82,12,5013.0,1027.5,0,0,-1.0
879,9,,82,12,5054.0,1033.5,1,0,-1.0
880,9,,82,13,5095.0,1041.0,0,0,-1.015
881,9,,82,13,5136.0,1047.5,2,0,-1.015
882,9,,83,13,5178.5,1054.0,0,0,-1.025
883,0,,79,11,4640.0,801.0,0,0,-0.9550000000000001
884,0,,75,11,4160.0,806.5,0,0,-0.915
885,0,,71,11,3715.0,812.0,2,0,-0.875
886,0,,67,11,3302.0,817.5,0,0,-0.8350000000000001
887,0,,67,11,3335.5,823.0,0,0,-0.8350000000000001
888,0,,63,11,2945.0,828.5,0,0,-0.795
889,0,,59,8,2602.5,618.5,0,0,-0.71
890,0,,56,8,2283.0,622.5,0,1,-0.68
891,0,,54,8,2087.5,626.5,0,0,-0.66
892,0,,50,8,1832.5,621.5,0,0,-0.62
893,0,,49,8,1724.5,625.5,0,0,-0.61
894,0,,43,6,1484.0,612.5,0,0,-0.52
895,0,,39,6,1336.0,615.5,0,0,-0.48
896,0,,38,6,1299.0,618.5,1,0,-0.47
897,0,,36,6,1239.0,621.5,2,0,-0.44999999999999996
898,0,,34,5,1151.5,319.0,0,0,-0.41500000000000004
899,0,,35,5,1170.0,321.5,0,0,-0.425
900,0,,33,5,1109.5,324.0,2,0,-0.405
901,0,,31,5,1079.0,326.5,0,0,-0.385
902,0,,31,5,1094.5,329.0,0,0,-0.385
903,0,,29,5,1084.0,331.5,2,0,-0.365
904,0,,28,5,1094.0,334.0,0,0,-0.35500000000000004
905,0,,28,5,1108.0,336.5,1,0,-0.35500000000000004
906,0,,29,5,1123.5,339.0,0,0,-0.365
907,0,,29,5,1138.0,341.5,0,1,-0.365
908,0,,29,4,1152.5,239.0,0,0,-0.35
909,0,,30,3,1168.5,31.5,1,0,-0.345
910,0,,30,3,1183.5,33.0,0,0,-0.345
911,0,,30,3,1198.5,34.5,0,0,-0.345
912,0,,34,3,1219.5,36.0,0,0,-0.385
913,0,,36,3,1239.5,37.5,1,0,-0.40499999999999997
914,0,,37,3,1259.0,39.0,1,0,-0.415
915,0,,36,3,1271.5,40.5,0,0,-0.40499999999999997
916,0,,36,3,1289.5,42.0,0,0,-0.40499999999999997
917,0,,36,3,1307.5,43.5,0,0,-0.40499999999999997
918,0,,36,3,1325.5,45.0,0,0,-0.40499999999999997
919,0,,36,3,1343.5,46.5,0,0,-0.40499999999999997
920,0,,37,3,1363.0,48.0,0,0,-0.415
921,0,,38,3,1383.0,49.5,0,0,-0.425
922,0,,38,3,1402.0,51.0,0,0,-0.425
923,0,,38,3,1421.0,52.5,0,0,-0.425
924,0,,39,3,1441.5,54.0,0,1,-0.435
925,0,,39,3,1461.0,55.5,0,0,-0.435
926,0,,39,3,1480.5,57.0,0,0,-0.435
927,0,,39,3,1500.0,58.5,0,0,-0.435
928,0,,39,3,1519.5,60.0,1,0,-0.435
929,0,,40,3,1540.5,61.5,1,0,-0.445
930,0,,40,3,1560.5,63.0,0,0,-0.445
931,0,,41,3,1582.0,64.5,0,0,-0.45499999999999996
932,0,,43,3,1605.5,66.0,0,0,-0.475
933,1,,41,3,1394.0,67.5,0,1,-0.45499999999999996
934,1,,39,3,1298.0,69.0,0,0,-0.435
935,1,,37,3,1293.0,70.5,0,2,-0.415
936,1,,37,3,1311.5,72.0,0,0,-0.415
937,1,,37,3,1330.0,73.5,0,0,-0.415
938,1,,37,3,1348.5,75.0,0,0,-0.415
939,1,,38,3,1368.5,76.5,0,0,-0.425
940,1,,38,3,1387.5,78.0,0,0,-0.425
941,1,,41,3,1411.0,79.5,0,0,-0.45499999999999996
942,1,,41,3,1431.5,81.0,0,0,-0.45499999999999996
943,1,,43,3,1455.0,82.5,0,0,-0.475
944,1,,43,3,1476.5,84.0,0,0,-0.475
945,1,,43,3,1498.0,85.5,0,0,-0.475
946,1,,41,3,1511.5,87.0,0,0,-0.45499999999999996
947,1,,39,3,1525.0,88.5,0,0,-0.435
948,1,,40,3,1546.0,90.0,0,0,-0.445
949,1,,42,3,1569.0,91.5,0,0,-0.46499999999999997
950,1,,42,3,1590.0,93.0,0,0,-0.46499999999999997
951,1,,42,3,1611.0,94.5,0,0,-0.46499999999999997
952,1,,43,3,1633.5,96.0,0,0,-0.475
953,1,,43,3,1655.0,97.5,0,0,-0.475
954,1,,43,3,1676.5,99.0,0,0,-0.475
955,1,,43,3,1698.0,100.5,0,0,-0.475
956,1,,43,3,1719.5,102.0,0,0,-0.475
957,1,,43,3,1741.0,103.5,0,0,-0.475
958,1,,44,3,1764.0,105.0,0,0,-0.485
959,1,,44,3,1786.0,106.5,0,0,-0.485
960,1,,45,3,1809.5,108.0,0,0,-0.495
961,1,,45,3,1832.0,109.5,0,0,-0.495
962,1,,46,3,1856.0,111.0,0,0,-0.505
963,1,,44,3,1841.0,112.5,3,0,-0.485
964,1,,44,3,1863.0,114.0,0,0,-0.485
965,1,,44,4,1885.0,117.0,0,0,-0.5
966,1,,44,4,1907.0,119.0,1,0,-0.5
967,1,,44,4,1929.0,121.0,0,0,-0.5
968,1,,44,4,1951.0,123.0,0,0,-0.5
969,1,,44,4,1973.0,125.0,0,0,-0.5
970,1,,46,4,1998.0,127.0,0,0,-0.52
971,1,,46,4,2020.5,129.0,0,0,-0.52
972,1,,46,4,2043.5,131.0,0,0,-0.52
973,1,,46,4,2066.5,133.0,1,0,-0.52
974,1,,46,4,2089.5,135.0,0,0,-0.52
975,1,,46,5,2112.5,138.5,1,0,-0.535
976,1,,47,6,2137.0,142.5,2,0,-0.5599999999999999
977,1,,47,5,2160.5,143.5,0,0,-0.5449999999999999
978,1,,47,5,2184.0,146.0,2,0,-0.5449999999999999
979,1,,47,5,2207.5,148.5,2,0,-0.5449999999999999
980,1,,48,6,2232.5,152.5,0,0,-0.57
981,1,,49,6,2258.0,155.5,1,0,-0.58
982,1,,49,6,2282.5,158.5,1,0,-0.58
983,1,,49,6,2307.0,161.5,0,0,-0.58
984,1,,49,6,2331.5,164.5,1,0,-0.58
985,1,,49,6,2356.0,167.5,1,0,-0.58
986,1,,49,6,2380.5,170.5,0,0,-0.58
987,1,,49,7,2405.0,175.0,2,0,-0.595
988,1,,49,7,2429.5,178.5,1,0,-0.595
989,1,,50,7,2455.5,182.0,1,0,-0.605
990,1,,50,7,2480.5,185.5,0,0,-0.605
991,1,,52,7,2508.5,189.0,2,0,-0.625
992,1,,53,7,2536.0,192.5,2,0,-0.635
993,1,,53,7,2562.5,196.0,0,0,-0.635
994,1,,53,7,2589.0,199.5,2,0,-0.635
995,1,,53,7,2615.5,203.0,1,0,-0.635
996,1,,53,7,2642.0,206.5,1,0,-0.635
997,1,,53,7,2668.5,210.0,2,0,-0.635
998,1,,55,7,2698.0,213.5,1,0,-0.655
999,1,,55,7,2725.5,217.0,0,0,-0.655
