vehicle_queue,ped_queue,vehicle_wait,ped_wait,veh_thru_step,ped_thru_step
0,0,0.0,0.0,0,0
0,0,0.0,0.0,0,0
0,0,0.0,0.0,0,0
0,0,0.0,0.0,0,0
0,0,0.0,0.0,0,0
0,0,0.0,0.0,0,0
0,0,0.0,0.0,0,0
0,0,0.0,0.0,0,0
0,0,0.0,0.0,0,0
0,0,0.0,0.0,0,0
0,0,0.0,0.0,0,0
0,0,0.0,0.0,0,0
0,0,0.0,0.0,0,0
0,0,0.0,0.0,0,0
0,0,0.0,0.0,0,0
0,0,0.0,0.0,0,0
0,0,0.0,0.0,0,0
0,0,0.0,0.0,0,0
0,0,0.0,0.0,0,0
0,0,0.0,0.0,0,0
0,0,0.0,0.0,0,0
0,0,0.0,0.0,0,0
0,0,0.0,0.0,0,0
0,0,0.0,0.0,0,0
0,0,0.0,0.0,0,0
0,0,0.0,0.0,0,0
0,0,0.0,0.0,0,0
0,0,0.0,0.0,0,0
0,0,0.0,0.0,0,0
0,0,0.0,0.0,0,0
0,0,0.0,0.0,0,0
0,0,0.0,0.0,0,0
0,0,0.0,0.0,0,0
0,0,0.0,0.0,0,0
0,0,0.0,0.0,0,0
0,0,0.0,0.0,0,0
0,0,0.0,0.0,0,0
0,0,0.0,0.0,0,0
0,0,0.0,0.0,0,0
0,0,0.0,0.0,0,0
0,0,0.0,0.0,0,0
0,0,0.0,0.0,0,0
0,0,0.0,0.0,0,0
0,0,0.0,0.0,0,0
0,0,0.0,0.0,0,0
0,0,0.0,0.0,0,0
0,0,0.0,0.0,0,0
0,0,0.0,0.0,0,0
0,0,0.0,0.0,0,0
0,0,0.0,0.0,0,0
0,0,0.0,0.0,0,0
0,0,0.0,0.0,0,0
0,0,0.0,0.0,0,0
0,0,0.0,0.0,0,0
0,0,0.0,0.0,0,0
0,0,0.0,0.0,0,0
0,0,0.0,0.0,0,0
0,0,0.0,0.0,0,0
0,0,0.0,0.0,0,0
0,0,0.0,0.0,0,0
0,0,0.0,0.0,0,0
0,0,0.0,0.0,0,0
0,0,0.0,0.0,0,0
0,0,0.0,0.0,0,0
0,0,0.0,0.0,0,0
0,0,0.0,0.0,0,0
0,0,0.0,0.0,0,0
0,0,0.0,0.0,0,0
0,0,0.0,0.0,0,0
0,0,0.0,0.0,0,0
0,1,0.0,1.5,0,0
0,1,0.0,2.0,0,0
0,1,0.0,2.5,0,0
0,1,0.0,3.0,0,0
0,2,0.0,5.0,0,0
0,3,0.0,7.5,0,0
1,4,1.5,10.5,0,0
1,4,2.0,12.5,0,0
1,4,2.5,14.5,0,0
1,4,3.0,16.5,0,0
1,4,3.5,18.5,0,0
1,5,4.0,22.0,0,0
3,5,7.5,24.5,0,0
3,5,9.0,27.0,0,0
5,5,13.5,29.5,0,0
5,5,16.0,32.0,0,0
5,6,18.5,36.0,0,0
5,6,21.0,39.0,0,0
6,6,25.0,42.0,0,0
6,6,28.0,45.0,0,0
6,6,31.0,48.0,0,0
7,6,35.5,51.0,0,0
7,6,39.0,54.0,0,0
7,6,42.5,57.0,0,0
7,6,46.0,60.0,0,0
7,6,49.5,63.0,0,0
7,6,53.0,66.0,0,0
8,6,58.0,69.0,0,0
9,8,63.5,75.0,0,0
9,7,68.0,77.0,0,0
9,7,72.5,80.5,0,0
9,7,77.0,84.0,0,0
9,8,81.5,89.0,0,0
9,8,86.0,93.0,0,0
9,8,90.5,97.0,0,0
9,8,95.0,101.0,0,0
9,8,99.5,105.0,0,0
9,8,104.0,109.0,0,0
9,8,108.5,113.0,0,0
9,8,113.0,117.0,0,0
9,8,117.5,121.0,0,0
10,8,123.5,125.0,0,0
11,8,130.0,129.0,0,0
11,8,135.5,133.0,0,0
12,8,142.5,137.0,0,0
13,8,150.0,141.0,0,0
13,8,156.5,145.0,0,0
13,8,163.0,149.0,0,0
13,8,169.5,153.0,0,0
13,8,176.0,157.0,0,0
14,8,184.0,161.0,0,0
14,8,191.0,165.0,0,0
15,8,199.5,169.0,0,0
15,8,207.0,173.0,0,0
16,8,216.0,177.0,0,0
16,8,224.0,181.0,0,0
16,8,232.0,185.0,0,0
17,8,241.5,189.0,0,0
18,8,251.5,193.0,0,0
18,8,260.5,197.0,0,0
18,8,269.5,201.0,0,0
18,8,278.5,205.0,0,0
18,8,287.5,209.0,0,0
18,8,296.5,213.0,0,0
19,8,307.0,217.0,0,0
19,8,316.5,221.0,0,0
20,8,327.5,225.0,0,0
20,8,337.5,229.0,0,0
20,8,347.5,233.0,0,0
20,8,357.5,237.0,0,0
21,8,369.0,241.0,0,0
21,8,379.5,245.0,0,0
21,8,390.0,249.0,0,0
21,8,400.5,253.0,0,0
21,8,411.0,257.0,0,0
21,8,421.5,261.0,0,0
21,8,432.0,265.0,0,0
20,8,374.0,269.0,0,0
18,8,368.0,273.0,0,0
19,8,378.5,277.0,0,0
19,8,388.0,281.0,0,0
19,8,397.5,285.0,0,0
19,8,407.0,289.0,0,0
21,8,419.5,293.0,0,0
23,8,433.0,297.0,0,0
23,8,444.5,301.0,0,0
23,8,456.0,305.0,0,0
24,8,469.0,309.0,1,0
25,8,482.5,313.0,1,0
25,8,495.0,317.0,0,0
25,8,507.5,321.0,0,0
25,8,520.0,325.0,0,0
25,8,532.5,329.0,0,0
25,8,545.0,333.0,0,0
25,8,557.5,337.0,0,0
28,8,574.5,341.0,1,0
28,8,588.5,345.0,2,0
28,8,602.5,349.0,0,0
28,8,616.5,353.0,0,0
29,8,632.0,357.0,0,0
30,8,648.0,361.0,0,0
30,8,663.0,365.0,0,0
30,8,678.0,369.0,0,0
30,8,693.0,373.0,0,0
31,8,709.5,377.0,0,0
32,8,726.5,381.0,0,0
33,8,744.0,385.0,0,0
33,8,760.5,389.0,0,0
33,8,777.0,393.0,0,0
35,8,796.5,397.0,0,0
35,8,814.0,401.0,0,0
36,8,833.0,405.0,0,0
36,8,851.0,409.0,0,0
37,8,870.5,413.0,0,0
37,8,889.0,417.0,0,0
38,8,909.0,421.0,0,0
40,8,931.0,425.0,0,0
40,8,951.0,429.0,0,0
40,8,971.0,433.0,1,0
40,8,991.0,437.0,0,0
40,8,1011.0,441.0,0,0
42,8,1034.0,445.0,1,0
43,8,1056.5,449.0,0,0
42,8,1070.5,453.0,0,0
42,8,1091.5,457.0,0,0
43,8,1114.0,461.0,0,0
43,8,1135.5,465.0,0,0
44,8,1158.5,469.0,0,0
44,8,1180.5,473.0,0,0
44,8,1202.5,477.0,0,0
45,8,1226.0,481.0,0,0
46,8,1250.0,485.0,0,0
46,8,1273.0,489.0,0,0
46,8,1296.0,493.0,0,0
48,8,1322.0,497.0,0,0
48,8,1346.0,501.0,0,0
49,8,1358.0,505.0,1,0
49,8,1382.5,509.0,0,0
49,8,1407.0,513.0,0,0
49,8,1431.5,517.0,0,0
50,8,1457.5,521.0,0,0
50,8,1482.5,525.0,0,0
49,8,1479.0,529.0,0,0
52,8,1508.0,533.0,1,0
51,8,1505.5,537.0,1,0
51,8,1526.5,541.0,0,0
50,8,1549.5,545.0,0,0
51,8,1576.0,549.0,0,0
52,8,1603.0,553.0,0,0
53,8,1630.5,557.0,0,0
53,8,1657.0,561.0,0,0
48,8,1435.5,565.0,0,0
43,8,1255.0,569.0,0,0
43,8,1125.0,573.0,0,0
43,8,1111.0,577.0,0,0
43,8,1054.5,581.0,0,0
42,8,998.5,585.0,0,0
41,8,1016.0,589.0,0,0
38,7,983.0,528.5,0,0
37,6,972.0,459.0,1,0
38,5,992.0,382.5,0,0
37,3,995.0,229.0,0,0
39,2,1016.5,148.0,0,0
39,2,1028.0,149.0,0,0
39,2,1047.5,150.0,1,0
40,2,1068.5,151.0,0,0
40,2,1088.5,152.0,0,0
43,2,1113.0,153.0,0,0
45,2,1137.5,154.0,0,0
46,2,1161.5,155.0,1,0
46,2,1184.5,156.0,0,0
48,2,1210.5,157.0,0,0
48,2,1234.5,158.0,1,0
48,2,1258.5,159.0,1,0
50,2,1285.5,160.0,0,0
53,2,1315.0,161.0,0,0
53,2,1341.5,162.0,0,0
54,2,1369.5,163.0,0,0
54,2,1396.5,164.0,0,0
52,2,1417.0,165.0,0,0
50,2,1395.0,166.0,0,0
50,2,1420.0,167.0,0,0
50,2,1445.0,168.0,0,0
51,2,1471.5,169.0,0,0
51,2,1497.0,170.0,0,0
51,2,1522.5,171.0,0,0
52,2,1549.5,172.0,0,0
52,2,1575.5,173.0,1,0
52,2,1601.5,174.0,0,0
52,2,1627.5,175.0,0,0
53,2,1655.0,176.0,1,0
53,2,1681.5,177.0,0,0
54,2,1709.5,178.0,0,0
52,3,1721.0,180.5,0,0
52,3,1747.0,182.0,0,0
53,2,1774.5,181.0,0,0
53,2,1801.0,182.0,0,0
52,2,1671.0,183.0,1,0
51,2,1635.0,184.0,0,0
50,2,1616.0,185.0,0,0
51,2,1642.5,186.0,0,0
50,2,1662.0,187.0,0,0
49,2,1682.0,188.0,0,0
49,2,1706.5,189.0,0,0
49,2,1731.0,190.0,0,0
49,2,1755.5,191.0,0,0
49,2,1780.0,192.0,1,0
49,2,1804.5,193.0,0,0
51,2,1832.0,194.0,0,0
51,2,1857.5,195.0,0,0
52,2,1884.5,196.0,0,0
54,2,1913.5,197.0,0,0
57,3,1945.0,199.5,0,0
58,3,1975.0,201.0,0,0
58,3,2004.0,202.5,0,0
59,3,2034.5,204.0,0,0
61,3,2067.0,205.5,0,0
61,4,2097.5,208.5,0,0
62,4,2129.5,210.5,0,0
64,5,2163.5,214.0,0,0
64,6,2195.5,217.5,0,0
64,6,2227.5,220.5,0,0
65,8,2261.0,226.5,0,0
65,9,2293.5,232.0,1,0
66,8,2299.0,234.5,0,0
66,9,2332.0,240.0,0,0
68,9,2368.0,244.5,0,0
69,10,2403.5,250.5,0,0
69,11,2438.0,257.0,0,0
70,11,2474.0,262.5,0,0
70,11,2509.0,268.0,0,0
66,11,2323.5,273.5,0,0
64,11,2311.0,279.0,0,0
62,11,2319.0,284.5,1,0
60,11,2328.5,290.0,0,0
60,12,2358.5,297.0,1,0
58,12,2368.0,303.0,1,0
57,12,2390.0,309.0,1,0
56,12,2407.5,315.0,0,0
55,12,2421.5,321.0,0,0
56,12,2450.5,327.0,1,0
56,12,2478.5,333.0,1,0
55,13,2497.5,340.5,0,0
55,13,2525.0,347.0,0,0
56,13,2554.0,353.5,3,0
56,12,2582.0,357.0,0,0
56,13,2610.0,364.5,0,0
56,12,2638.0,369.0,1,0
56,13,2666.0,376.5,0,0
56,13,2694.0,383.0,0,0
56,14,2722.0,391.0,0,0
56,14,2750.0,398.0,0,0
56,14,2778.0,405.0,0,0
56,14,2806.0,412.0,0,0
56,14,2834.0,419.0,0,0
57,14,2863.5,426.0,1,0
57,14,2892.0,433.0,0,0
58,14,2922.0,440.0,1,0
58,14,2951.0,447.0,0,0
58,14,2980.0,454.0,2,0
59,14,3010.5,461.0,1,0
61,14,3043.0,468.0,0,0
61,14,3073.5,475.0,1,0
62,14,3105.5,482.0,0,0
63,14,3138.0,489.0,0,0
64,14,3171.0,496.0,1,0
65,14,3204.5,503.0,2,0
65,14,3237.0,510.0,0,0
65,14,3269.5,517.0,1,0
65,14,3302.0,524.0,0,0
65,14,3334.5,531.0,0,0
65,14,3367.0,538.0,0,0
65,14,3399.5,545.0,1,0
65,14,3432.0,552.0,0,0
65,14,3464.5,559.0,0,0
65,14,3497.0,566.0,1,0
66,14,3531.0,573.0,0,0
66,14,3564.0,580.0,0,0
68,14,3600.0,587.0,0,0
68,14,3634.0,594.0,1,0
68,14,3668.0,601.0,0,0
69,14,3703.5,608.0,0,0
70,14,3739.5,615.0,0,0
70,14,3774.5,622.0,0,0
70,14,3809.5,629.0,0,0
70,14,3844.5,636.0,0,0
71,14,3881.0,643.0,0,0
71,14,3916.5,650.0,0,0
71,14,3952.0,657.0,0,0
71,14,3987.5,664.0,0,0
71,14,4023.0,671.0,0,0
71,14,4058.5,678.0,0,0
71,14,4094.0,685.0,2,0
71,14,4129.5,692.0,0,0
71,14,4165.0,699.0,0,0
71,14,4200.5,706.0,0,0
71,14,4236.0,713.0,0,0
71,14,4271.5,720.0,0,0
72,14,4308.5,727.0,0,0
70,14,4057.5,734.0,1,0
68,14,3841.0,741.0,0,0
67,14,3657.5,748.0,1,0
68,14,3692.5,755.0,0,0
66,14,3533.0,762.0,0,0
65,14,3403.5,769.0,1,0
63,14,3283.0,776.0,2,0
62,14,3237.5,783.0,1,0
60,14,3137.5,790.0,0,0
58,14,3049.0,797.0,0,0
56,14,2980.0,804.0,1,0
56,14,2930.0,811.0,0,0
56,14,2924.5,818.0,1,0
54,14,2905.5,825.0,1,0
55,14,2891.0,832.0,0,0
54,14,2910.0,839.0,2,0
54,14,2922.5,846.0,0,0
54,14,2949.5,853.0,1,0
53,14,2971.5,860.0,0,0
54,14,2999.5,867.0,0,0
54,14,3026.5,874.0,0,0
56,14,3056.5,881.0,2,0
56,14,3084.5,888.0,0,0
57,14,3114.0,895.0,0,0
57,14,3142.5,902.0,0,0
59,14,3174.0,909.0,0,0
60,14,3205.0,916.0,1,0
60,14,3235.0,923.0,1,0
61,14,3266.5,930.0,0,0
63,14,3300.0,937.0,0,0
63,14,3331.5,944.0,0,0
63,14,3363.0,951.0,1,0
65,14,3397.5,958.0,1,0
65,14,3430.0,965.0,1,0
65,14,3462.5,972.0,1,0
67,14,3498.0,979.0,0,0
68,14,3533.0,986.0,1,0
68,14,3567.0,993.0,1,0
69,14,3602.5,1000.0,1,0
69,14,3637.0,1007.0,1,0
71,14,3674.5,1014.0,0,0
71,14,3710.0,1021.0,1,0
71,14,3745.5,1028.0,0,0
72,14,3782.5,1035.0,0,0
72,14,3818.5,1042.0,0,0
72,14,3854.5,1049.0,0,0
73,14,3892.0,1056.0,0,0
74,14,3930.0,1063.0,0,0
76,14,3970.0,1070.0,1,0
76,14,4008.0,1077.0,3,0
76,14,4046.0,1084.0,1,0
77,14,4085.5,1091.0,0,0
77,14,4124.0,1098.0,0,0
77,14,4162.5,1105.0,0,0
78,14,4202.5,1112.0,2,0
79,14,4243.0,1119.0,0,0
79,14,4282.5,1126.0,0,0
79,14,4322.0,1133.0,0,0
79,14,4361.5,1140.0,0,0
80,14,4402.5,1147.0,0,0
80,14,4442.5,1154.0,0,0
82,14,4485.5,1161.0,0,0
82,14,4526.5,1168.0,0,0
83,14,4569.0,1175.0,0,0
81,14,4564.5,1182.0,0,0
80,14,4584.0,1189.0,0,0
80,14,4605.5,1196.0,1,0
79,14,4626.5,1203.0,0,0
79,14,4666.0,1210.0,0,0
78,14,4687.0,1217.0,0,0
78,14,4726.0,1224.0,0,0
78,14,4748.5,1231.0,1,0
80,14,4790.5,1238.0,0,0
81,14,4815.5,1245.0,0,0
75,10,4040.0,940.5,0,0
70,10,3423.0,945.5,0,0
66,9,3029.5,886.5,0,0
64,9,3031.5,891.0,0,0
62,9,2837.5,895.5,0,0
59,9,2627.5,900.0,0,0
59,7,2647.0,756.5,0,0
57,7,2462.0,760.0,0,0
57,6,2398.5,684.0,0,0
57,6,2321.5,687.0,2,0
59,6,2265.5,690.0,0,0
59,6,2190.5,693.0,0,0
57,6,2044.5,696.0,1,0
56,6,2009.0,699.0,1,0
56,5,1943.5,521.0,0,0
56,5,1916.5,523.5,0,1
57,5,1858.0,526.0,0,0
56,5,1846.5,528.5,0,1
55,4,1790.5,337.0,1,0
54,4,1780.5,339.0,0,0
54,4,1716.0,341.0,1,0
53,4,1674.5,343.0,0,0
54,4,1702.5,345.0,0,0
55,4,1720.0,347.0,1,0
55,3,1688.0,263.0,2,0
55,3,1657.5,264.5,0,0
56,4,1686.5,267.5,0,0
56,4,1665.0,269.5,1,0
56,4,1693.0,271.5,2,0
57,4,1677.0,273.5,0,0
58,4,1707.0,275.5,0,0
58,4,1698.0,277.5,0,0
59,4,1693.5,279.5,1,0
59,3,1723.0,276.5,0,0
60,3,1754.0,278.0,0,1
59,3,1753.5,279.5,1,0
62,3,1787.5,281.0,0,0
61,3,1794.5,282.5,0,0
63,4,1828.0,285.5,0,0
62,5,1837.5,289.0,0,0
63,5,1870.0,291.0,0,0
64,5,1890.0,293.5,0,0
66,5,1925.0,296.0,0,0
65,5,1946.5,297.0,0,0
67,5,1982.0,299.5,1,0
68,4,2013.5,297.0,0,0
69,5,2049.0,300.5,1,0
69,5,2083.5,303.0,0,0
70,5,2119.5,305.5,1,0
72,6,2157.5,309.5,0,0
72,6,2193.5,312.5,0,0
72,6,2229.5,315.5,0,0
72,6,2260.0,318.5,1,0
71,7,2294.0,323.0,0,0
69,7,2313.5,326.5,0,0
70,7,2349.5,330.0,1,0
68,7,2360.5,333.5,1,0
69,7,2396.0,337.0,0,0
70,7,2432.0,340.5,1,0
69,7,2436.5,344.0,1,0
69,7,2471.0,347.5,0,0
67,7,2466.0,351.0,0,0
69,7,2502.5,354.5,0,0
69,7,2537.0,358.0,0,0
70,7,2573.0,361.5,0,0
70,7,2608.0,365.0,1,0
71,8,2644.5,370.0,0,0
73,8,2683.0,374.0,0,0
74,8,2721.0,378.0,0,0
74,8,2758.0,382.0,2,1
75,8,2796.5,386.0,0,0
75,8,2834.0,390.0,0,0
75,8,2871.5,394.0,0,0
79,8,2915.0,398.0,0,0
80,8,2956.0,402.0,0,0
80,8,2996.0,406.0,0,0
82,8,3039.0,410.0,0,0
83,8,3081.5,414.0,0,0
84,8,3124.5,418.0,0,0
85,8,3168.0,422.0,0,0
82,8,3066.0,426.0,0,0
81,8,3040.5,430.0,0,0
80,8,3017.5,434.0,0,0
79,8,3021.5,438.0,2,0
79,9,3061.0,443.5,0,0
78,9,3065.5,448.0,0,0
77,9,3072.0,452.5,0,0
77,9,3110.5,457.0,1,0
75,9,3115.5,461.5,1,0
77,9,3156.0,466.0,0,0
75,9,3162.5,470.5,0,0
76,10,3200.5,476.5,1,0
76,10,3211.5,481.5,2,0
75,10,3222.0,486.5,0,0
75,10,3259.5,491.5,0,0
75,10,3271.5,496.5,1,0
76,10,3310.5,501.5,1,0
75,10,3321.5,506.5,0,0
75,11,3359.0,513.0,0,0
74,11,3370.0,518.5,0,0
73,11,3381.5,524.0,0,0
74,11,3419.5,529.5,0,0
74,11,3433.0,535.0,1,0
75,11,3471.5,540.5,0,0
74,11,3484.0,546.0,0,0
75,11,3522.5,551.5,0,0
75,11,3536.5,557.0,0,0
75,11,3574.0,562.5,1,0
75,11,3588.5,568.0,0,0
75,11,3626.0,573.5,1,0
74,11,3640.0,579.0,0,0
74,11,3677.0,584.5,0,0
74,11,3692.0,590.0,0,0
75,11,3730.5,595.5,1,0
75,11,3746.0,601.0,0,0
75,11,3783.5,606.5,1,0
75,11,3799.5,612.0,0,0
75,11,3837.0,617.5,2,0
74,11,3851.0,623.0,0,0
74,11,3888.0,628.5,0,0
73,11,3902.0,634.0,1,0
73,11,3938.5,639.5,1,0
72,11,3952.5,645.0,0,0
72,11,3988.5,650.5,0,0
71,11,4002.0,656.0,2,0
69,11,4010.0,661.5,0,0
69,11,4044.5,667.0,1,0
69,11,4079.0,672.5,1,0
68,11,4093.5,678.0,0,0
69,11,4129.0,683.5,0,0
69,11,4146.0,689.0,0,0
69,11,4180.5,694.5,0,0
68,11,4200.0,700.0,1,0
67,11,4231.0,705.5,0,0
69,11,4267.5,711.0,0,0
69,11,4302.0,716.5,0,0
71,11,4339.5,722.0,1,0
72,11,4376.5,727.5,0,0
73,11,4414.0,733.0,1,0
73,11,4450.5,738.5,0,0
73,11,4487.0,744.0,0,0
73,11,4523.5,749.5,0,0
74,11,4561.5,755.0,1,0
74,11,4598.5,760.5,0,0
74,11,4635.5,766.0,1,0
75,11,4674.0,771.5,0,0
75,11,4711.5,777.0,0,0
75,11,4749.0,782.5,1,0
73,11,4424.5,788.0,0,0
71,11,4022.0,793.5,0,0
69,11,3795.5,799.0,0,0
69,11,3731.5,804.5,0,0
66,11,3455.0,810.0,0,1
64,11,3315.5,815.5,0,0
63,11,3261.5,821.0,0,0
60,11,3096.5,826.5,0,0
60,11,3126.5,832.0,1,0
58,11,3013.5,837.5,0,0
58,11,3042.5,843.0,1,0
56,11,2984.5,848.5,0,0
56,11,3012.5,854.0,0,0
56,11,2981.0,859.5,2,0
56,11,3009.0,865.0,1,0
55,11,2986.0,870.5,0,0
56,11,3015.0,876.0,0,0
57,11,3001.5,881.5,0,0
57,11,3000.0,887.0,1,0
57,11,3028.5,892.5,0,0
56,11,3028.5,898.0,0,0
57,11,3058.0,903.5,1,0
57,11,3069.5,909.0,0,0
58,11,3099.5,914.5,0,0
57,11,3111.5,920.0,1,0
57,11,3140.0,925.5,0,0
57,11,3168.5,931.0,1,0
58,11,3198.5,936.5,0,0
60,11,3230.5,942.0,0,0
60,11,3260.5,947.5,0,0
61,11,3292.0,953.0,2,0
61,11,3322.5,958.5,1,0
61,11,3353.0,964.0,0,0
63,11,3386.5,969.5,1,0
63,11,3418.0,975.0,1,0
63,11,3449.5,980.5,0,0
64,11,3482.5,986.0,0,0
64,11,3514.5,991.5,3,1
65,11,3548.0,997.0,0,0
65,11,3580.5,1002.5,1,0
65,11,3613.0,1008.0,1,0
65,11,3645.5,1013.5,0,1
67,11,3681.0,1019.0,1,0
67,11,3714.5,1024.5,0,0
69,11,3751.0,1030.0,1,0
69,11,3785.5,1035.5,0,0
69,11,3820.0,1041.0,1,0
71,11,3857.5,1046.5,0,0
71,11,3893.0,1052.0,2,0
73,11,3931.5,1057.5,2,0
73,11,3968.0,1063.0,0,0
73,11,4004.5,1068.5,0,1
76,11,4045.5,1074.0,1,0
77,11,4085.0,1079.5,1,0
79,11,4126.5,1085.0,1,0
79,11,4166.0,1090.5,0,0
79,11,4205.5,1096.0,0,0
80,11,4246.5,1101.5,1,0
81,11,4288.0,1107.0,0,0
82,11,4330.0,1112.5,0,0
82,11,4371.0,1118.0,1,0
83,11,4413.5,1123.5,1,0
84,11,4456.5,1129.0,0,0
84,11,4498.5,1134.5,0,0
86,11,4543.5,1140.0,1,0
86,11,4586.5,1145.5,0,0
86,11,4629.5,1151.0,0,0
87,11,4674.0,1156.5,0,1
87,11,4717.5,1162.0,0,0
88,11,4762.5,1167.5,0,0
88,11,4806.5,1173.0,1,0
88,11,4850.5,1178.5,0,0
88,11,4894.5,1184.0,0,0
88,11,4938.5,1189.5,0,0
86,7,4544.0,914.5,0,0
84,7,4168.5,918.0,2,0
81,7,3826.5,921.5,0,0
82,7,3755.5,925.0,0,0
80,6,3545.0,838.5,0,0
77,5,3260.5,753.0,0,0
80,4,3303.5,663.0,0,0
78,4,3048.0,665.0,0,0
77,4,3004.0,573.5,0,0
75,5,2862.0,577.0,2,0
74,5,2818.5,579.5,1,0
75,5,2694.0,582.0,0,0
73,5,2594.0,584.5,0,0
71,6,2483.0,588.5,1,0
70,6,2388.0,591.5,0,0
70,5,2319.5,401.5,0,0
70,5,2304.0,400.0,0,0
71,4,2260.5,400.5,1,0
71,3,2250.5,396.5,2,0
70,1,2246.0,202.5,0,0
69,1,2203.0,203.0,1,0
68,1,2152.0,203.5,2,0
67,2,2162.5,205.5,0,0
67,2,2163.0,206.5,0,0
67,2,2184.5,207.5,1,0
63,0,2182.5,0.0,0,0
63,0,2207.0,0.0,1,0
62,1,2224.5,1.5,2,0
64,1,2258.5,2.0,1,0
64,1,2290.5,2.5,1,0
65,1,2324.0,3.0,0,0
66,2,2358.0,5.0,0,0
66,3,2391.0,7.5,1,0
67,3,2425.5,9.0,0,0
68,3,2460.5,10.5,0,0
68,3,2494.5,12.0,1,0
68,3,2528.5,13.5,0,0
70,2,2565.5,11.0,1,0
70,2,2600.5,12.0,2,0
71,2,2637.0,13.0,0,0
72,2,2674.0,14.0,3,0
73,2,2711.5,15.0,0,0
74,2,2749.5,16.0,2,0
74,2,2786.5,17.0,0,0
76,2,2826.5,18.0,0,0
79,2,2869.0,19.0,3,0
79,2,2908.5,20.0,0,0
79,2,2948.0,21.0,0,0
80,2,2987.0,22.0,0,0
81,2,3028.5,23.0,0,0
83,2,3072.0,24.0,0,0
84,2,3115.0,25.0,0,0
84,2,3157.0,26.0,1,0
85,2,3200.5,27.0,1,0
87,2,3246.0,28.0,0,0
87,2,3289.5,29.0,1,0
87,2,3333.0,30.0,0,0
90,2,3381.0,31.0,0,0
90,2,3426.0,32.0,0,0
93,2,3475.5,33.0,0,0
93,2,3522.0,34.0,0,0
94,2,3570.0,35.0,1,0
95,2,3618.5,36.0,0,0
95,2,3666.0,37.0,1,0
96,2,3715.0,38.0,0,0
99,2,3767.5,39.0,1,0
99,3,3817.0,41.5,0,0
100,3,3868.0,43.0,0,0
100,3,3918.0,44.5,0,0
100,3,3968.0,46.0,0,0
101,3,4019.5,47.5,0,1
102,3,4071.5,49.0,0,0
102,3,4119.5,50.5,0,0
102,3,4170.5,52.0,0,0
103,3,4223.0,53.5,0,0
103,3,4274.5,55.0,2,0
103,3,4326.0,56.5,0,0
105,3,4380.5,58.0,0,0
105,4,4433.0,61.0,0,0
106,4,4487.0,63.0,0,0
102,6,4443.5,68.0,0,0
99,5,4428.0,68.5,0,0
96,5,4414.0,70.5,0,0
95,6,4441.5,74.5,0,0
94,7,4451.0,79.0,0,0
91,7,4448.5,82.5,0,0
90,8,4474.5,87.5,2,0
89,9,4493.0,93.0,2,0
89,9,4537.5,97.5,0,0
88,9,4555.5,102.0,0,0
88,9,4575.5,106.5,0,0
88,9,4619.5,111.0,0,0
87,9,4638.5,115.5,0,0
87,9,4682.0,120.0,0,0
87,9,4702.5,124.5,0,0
87,9,4746.0,129.0,0,0
88,9,4768.0,133.5,2,0
88,9,4812.0,138.0,0,0
87,9,4832.0,142.5,0,0
86,9,4853.0,147.0,2,0
86,9,4896.0,151.5,0,0
85,9,4916.5,156.0,0,0
86,9,4960.5,160.5,0,0
86,9,4983.0,165.0,0,0
85,9,5005.0,169.5,0,0
87,9,5050.5,174.0,0,0
89,9,5097.0,178.5,0,0
88,9,5123.5,183.0,1,0
90,9,5170.5,187.5,0,0
89,9,5198.0,192.0,1,0
88,9,5240.0,196.5,1,0
88,9,5284.0,201.0,0,0
88,9,5328.0,205.5,0,0
89,9,5373.5,210.0,0,0
89,9,5418.0,214.5,0,0
90,9,5464.0,219.0,0,0
91,9,5510.5,223.5,0,0
91,9,5556.0,228.0,0,0
91,9,5601.5,232.5,0,0
91,9,5647.0,237.0,1,0
91,9,5692.5,241.5,0,0
92,9,5739.5,246.0,0,0
92,9,5785.5,250.5,0,0
92,9,5831.5,255.0,0,0
92,9,5877.5,259.5,0,0
92,9,5923.5,264.0,0,0
92,9,5969.5,268.5,1,0
92,9,6015.5,273.0,0,0
93,9,6063.0,277.5,1,0
94,9,6111.0,282.0,0,0
94,9,6158.0,286.5,0,0
94,9,6205.0,291.0,0,0
94,9,6252.0,295.5,2,1
94,9,6299.0,300.0,0,0
94,9,6346.0,304.5,0,0
95,9,6394.5,309.0,0,1
95,9,6442.0,313.5,0,0
95,9,6489.5,318.0,0,0
95,9,6537.0,322.5,0,0
96,9,6586.0,327.0,0,0
96,9,6634.0,331.5,0,0
96,9,6682.0,336.0,0,0
96,9,6710.5,340.5,0,0
96,9,6758.5,345.0,0,0
96,9,6806.5,349.5,0,0
97,9,6856.0,354.0,1,0
98,9,6906.0,358.5,0,0
99,9,6956.5,363.0,1,0
97,9,6634.5,367.5,0,0
95,9,6333.5,372.0,0,0
93,9,6059.0,376.5,2,0
92,9,5946.5,381.0,0,0
91,9,5855.0,385.5,0,0
89,9,5628.5,390.0,0,0
91,9,5676.0,394.5,0,0
89,9,5485.5,399.0,2,0
87,9,5317.0,403.5,1,0
89,9,5363.5,408.0,0,0
87,9,5231.5,412.5,1,1
88,9,5276.5,417.0,1,0
87,9,5178.5,421.5,0,0
88,9,5223.5,426.0,0,0
87,9,5146.5,430.5,0,0
85,9,5099.0,435.0,0,0
85,9,5141.5,439.5,1,0
84,9,5123.5,444.0,0,0
84,9,5165.5,448.5,0,0
84,9,5176.5,453.0,0,0
87,9,5223.0,457.5,1,0
86,9,5253.0,462.0,0,1
86,9,5296.0,466.5,0,0
83,9,5242.5,471.0,1,0
84,9,5285.5,475.5,0,0
84,9,5327.5,480.0,1,0
86,9,5372.5,484.5,0,0
87,9,5417.0,489.0,0,0
87,9,5460.5,493.5,0,0
88,9,5505.5,498.0,0,0
88,9,5549.5,502.5,0,0
88,9,5521.0,507.0,1,0
89,9,5566.5,511.5,0,0
89,9,5611.0,516.0,1,0
89,9,5655.5,520.5,1,0
90,9,5701.5,525.0,1,0
90,9,5746.5,529.5,1,0
90,9,5791.5,534.0,2,0
91,9,5838.0,538.5,0,0
91,9,5883.5,543.0,1,0
92,9,5930.5,547.5,1,0
93,9,5978.0,552.0,0,0
93,9,6024.5,556.5,0,1
93,9,6071.0,561.0,0,0
95,9,6120.5,565.5,0,0
95,9,6168.0,570.0,0,0
96,9,6217.0,574.5,1,0
98,9,6268.0,579.0,2,0
99,10,6318.5,585.0,1,0
100,10,6369.5,590.0,0,1
100,10,6419.5,595.0,1,0
101,10,6471.0,600.0,0,0
101,10,6521.5,605.0,1,0
102,10,6573.5,610.0,1,0
102,10,6624.5,615.0,1,0
102,10,6675.5,620.0,1,0
102,10,6726.5,625.0,1,1
103,10,6779.0,630.0,0,1
103,10,6830.5,635.0,0,0
104,10,6883.5,640.0,0,0
106,11,6938.5,646.5,1,0
106,11,6991.5,652.0,0,0
106,11,7044.5,657.5,0,0
107,11,7099.0,663.0,2,0
107,11,7152.5,668.5,2,0
107,11,7206.0,674.0,2,0
108,12,7261.0,681.0,1,0
110,13,7318.0,688.5,0,0
110,13,7373.0,695.0,0,0
111,13,7429.5,701.5,1,0
113,13,7488.0,708.0,0,0
113,13,7544.5,714.5,0,0
114,13,7602.5,721.0,0,0
115,13,7661.0,727.5,0,0
113,8,7318.5,372.5,0,0
112,8,7021.5,376.5,0,0
109,8,6763.5,311.5,0,1
109,7,6818.0,240.5,0,0
106,7,6598.0,244.0,0,0
105,7,6452.0,247.5,0,0
104,7,6469.0,251.0,0,2
102,7,6338.5,254.5,0,0
101,7,6300.0,158.5,1,0
101,7,6283.0,144.5,1,0
100,7,6182.5,148.0,0,0
99,6,6165.5,34.5,0,0
97,6,6167.0,37.5,3,0
96,5,6150.5,29.0,0,0
95,5,6156.0,31.5,0,0
96,5,6150.5,34.0,1,0
95,5,6123.5,36.5,0,0
94,5,6154.0,39.0,1,0
94,4,6168.0,32.0,0,0
95,4,6216.5,34.0,0,0
94,4,6236.0,36.0,0,0
95,2,6284.5,24.0,0,0
94,2,6314.0,25.0,0,0
94,2,6361.0,26.0,0,0
94,2,6392.5,27.0,0,0
93,2,6433.5,28.0,1,0
95,2,6483.0,29.0,0,1
95,2,6530.5,30.0,0,0
95,2,6578.0,31.0,0,0
96,2,6627.0,32.0,0,0
97,2,6676.5,33.0,0,0
97,2,6725.0,34.0,1,0
98,2,6775.0,35.0,0,0
99,2,6825.5,36.0,0,0
100,2,6876.5,37.0,1,0
100,2,6926.5,38.0,1,0
100,2,6976.5,39.0,0,0
102,2,7029.5,40.0,0,0
104,2,7083.5,41.0,1,0
104,2,7135.5,42.0,1,0
106,2,7190.5,43.0,0,0
107,2,7245.0,44.0,0,0
107,2,7298.5,45.0,0,1
108,2,7353.5,46.0,0,0
109,2,7409.0,47.0,1,0
109,2,7463.5,48.0,2,0
111,2,7521.0,49.0,0,0
111,2,7576.5,50.0,0,0
111,2,7632.0,51.0,1,0
112,2,7689.0,52.0,1,0
112,2,7745.0,53.0,0,0
114,2,7804.0,54.0,1,0
114,2,7861.0,55.0,1,0
115,2,7919.5,56.0,1,0
113,2,7970.0,57.0,0,1
113,2,8026.5,58.0,0,0
113,2,8083.0,59.0,2,0
111,2,8124.0,60.0,1,0
111,2,8179.5,61.0,0,0
111,2,8235.0,62.0,0,0
112,3,8292.0,64.5,0,0
113,3,8349.5,66.0,1,0
114,3,8407.5,67.5,1,0
115,3,8466.0,69.0,0,0
113,3,8488.0,70.5,1,0
112,3,8529.5,72.0,0,0
111,4,8571.0,75.0,0,0
111,4,8626.5,77.0,2,0
111,4,8682.0,79.0,0,0
112,4,8739.0,81.0,0,0
114,4,8798.0,83.0,0,0
114,4,8855.0,85.0,0,0
115,4,8913.5,87.0,0,0
115,4,8971.0,89.0,0,0
115,4,9028.5,91.0,0,0
115,4,9086.0,93.0,0,0
115,4,9143.5,95.0,0,0
115,5,9201.0,98.5,0,0
115,5,9258.5,101.0,0,0
115,5,9316.0,103.5,0,0
114,5,9188.0,106.0,0,0
112,5,9064.5,108.5,0,0
111,5,8969.5,111.0,0,0
112,5,9026.5,113.5,2,0
111,5,8933.5,116.0,0,0
111,5,8842.5,118.5,0,0
111,5,8898.0,121.0,0,0
110,5,8806.0,123.5,0,0
110,5,8716.5,126.0,0,0
111,5,8773.0,128.5,0,0
112,6,8686.0,132.5,3,0
113,6,8743.5,135.5,0,0
112,6,8655.0,138.5,0,0
112,6,8573.5,141.5,0,1
112,6,8629.5,144.5,0,0
113,6,8687.0,147.5,0,0
112,6,8608.5,150.5,0,0
112,6,8533.5,153.5,0,0
112,6,8589.5,156.5,0,0
111,6,8522.0,159.5,0,0
111,6,8577.5,162.5,0,0
110,6,8517.0,165.5,1,0
109,6,8461.0,168.5,0,0
109,6,8515.5,171.5,1,0
110,6,8571.5,174.5,0,0
110,6,8520.5,177.5,0,0
109,6,8474.5,180.5,2,0
109,6,8529.0,183.5,0,0
108,6,8486.5,186.5,0,0
108,6,8540.5,189.5,3,0
107,6,8506.5,192.5,0,0
107,6,8560.0,195.5,0,0
106,6,8529.0,198.5,1,0
