episode,mode,cumulative_reward,avg_vehicle_queue,avg_ped_queue,avg_total_queue,avg_vehicle_wait,avg_ped_wait,avg_total_wait,vehicle_throughput,ped_throughput,switch_count,episode_ok
0,train,-9141.029999999999,53.3266,9.2169,62.5435,0.0,1105.89063,1105.89063,294,32,452,1
1,train,-8050.059999999836,37.1625,3.8796,41.0421,0.0,240.65901000000002,240.65901000000002,746,45,62,1
2,train,-8156.874999999722,37.1882,4.1127,41.3009,0.0,289.12415999999996,289.12415999999996,789,43,61,1
3,train,-7967.925000000006,36.4898,4.7469,41.2367,0.0,308.51073,308.51073,783,45,64,1
4,train,-7723.144999999827,34.283,4.4196,38.7026,0.0,295.97303,295.97303,822,40,64,1
5,train,-7607.599999999597,32.5797,5.555,38.1347,0.0,448.38920999999993,448.38920999999993,816,38,70,1
6,train,-7842.774999999922,35.2153,4.5406,39.7559,0.0,350.2207399999999,350.2207399999999,813,46,69,1
7,train,-7790.324999999852,35.5887,3.4939,39.0826,0.0,243.61149,243.61149,789,46,83,1
8,train,-8149.325000000094,39.0799,6.4505,45.5304,0.0,796.22042,796.22042,675,41,109,1
9,train,-7566.1549999997815,33.7048,4.1332,37.838,0.0,265.03827,265.03827,791,45,80,1
10,train,-7820.12499999982,34.3432,5.2155,39.5587,0.0,481.16395,481.16395,725,41,96,1
11,train,-7916.084999999819,36.5434,3.2737,39.8171,0.0,221.29073000000002,221.29073000000002,748,51,81,1
12,train,-8124.015000000126,39.7466,6.2656,46.0122,0.0,789.9550399999999,789.9550399999999,603,36,120,1
13,train,-7746.669999999883,34.648,4.8835,39.5315,0.0,400.38931,400.38931,820,49,72,1
14,train,-7344.20499999991,32.7608,4.6022,37.363,0.0,373.9908,373.9908,828,43,85,1
15,train,-8233.895000000193,39.4648,6.404,45.8688,0.0,784.181,784.181,657,39,122,1
16,train,-7905.039999999759,35.7072,4.1125,39.8197,0.0,259.81363,259.81363,811,41,82,1
17,train,-7534.01999999986,35.8687,4.4147,40.2834,0.0,329.05139,329.05139,735,47,127,1
18,train,-7742.129999999668,35.5305,3.4482,38.9787,0.0,186.11182000000002,186.11182000000002,750,44,101,1
19,train,-7421.8699999997825,34.058,3.1498,37.2078,0.0,145.44272,145.44272,790,49,88,1
20,train,-6799.11999999978,31.8265,2.1778,34.0043,0.0,89.15485,89.15485,769,48,92,1
21,train,-7526.764999999932,36.7237,5.2226,41.9463,0.0,479.95858999999996,479.95858999999996,706,47,144,1
22,train,-6804.30999999976,31.3707,2.6597,34.0304,0.0,118.51899000000002,118.51899000000002,808,47,97,1
23,train,-6721.874999999776,30.5372,3.0756,33.6128,0.0,180.85781999999998,180.85781999999998,816,49,98,1
24,train,-6720.104999999879,30.5745,3.025,33.5995,0.0,154.71473,154.71473,811,45,103,1
25,train,-7060.754999999813,31.7063,3.7627,35.469,0.0,222.28444,222.28444,782,45,125,1
26,train,-7140.129999999897,33.1468,2.6904,35.8372,0.0,105.4415,105.4415,706,44,115,1
27,train,-7262.044999999855,33.572,3.8247,37.3967,0.0,287.91443,287.91443,739,47,125,1
28,train,-6877.984999999917,30.8298,3.8709,34.7007,0.0,262.82231,262.82231,770,44,129,1
29,train,-7654.059999999994,35.0983,4.5764,39.6747,0.0,378.81725000000006,378.81725000000006,770,45,129,1
30,train,-6910.774999999826,31.2679,3.4607,34.7286,0.0,210.081,210.081,775,45,131,1
31,train,-6663.234999999988,30.2309,3.0914,33.3223,0.0,165.62209,165.62209,784,47,116,1
32,train,-7551.539999999973,36.2656,7.9607,44.2263,0.0,979.56618,979.56618,689,32,190,1
33,train,-7475.3049999999475,34.6446,5.7127,40.3573,0.0,605.89798,605.89798,651,43,166,1
34,train,-6995.464999999584,31.9802,3.0731,35.0533,0.0,157.30349,157.30349,767,44,134,1
35,train,-6564.724999999918,30.3111,2.5144,32.8255,0.0,110.96764000000002,110.96764000000002,697,46,135,1
36,train,-6882.745000000075,31.8525,2.6734,34.5259,0.0,140.94977,140.94977,729,46,136,1
37,train,-5824.029999999774,26.2356,2.8836,29.1192,0.0,125.87882999999998,125.87882999999998,684,49,161,1
38,train,-5983.160000000028,27.6436,2.2711,29.9147,0.0,94.71879,94.71879,759,50,156,1
39,train,-6480.279999999852,29.9874,2.4171,32.4045,0.0,96.38733,96.38733,727,51,127,1
40,train,-6207.780000000064,28.7734,2.2821,31.0555,0.0,95.65848999999999,95.65848999999999,702,46,123,1
41,train,-6858.384999999826,31.5074,3.0246,34.532,0.0,195.13832000000002,195.13832000000002,658,48,142,1
42,train,-7524.979999999631,34.6225,3.1002,37.7227,0.0,242.17987000000002,242.17987000000002,654,46,129,1
43,train,-6931.479999999682,32.4263,2.3825,34.8088,0.0,118.87682,118.87682,701,47,138,1
44,train,-6639.82999999981,30.8532,2.5011,33.3543,0.0,112.02782999999998,112.02782999999998,720,43,151,1
45,train,-7246.889999999677,33.702,2.794,36.496,0.0,126.06048999999999,126.06048999999999,752,49,159,1
46,train,-6601.414999999898,30.7666,2.387,33.1536,0.0,91.96428,91.96428,708,49,137,1
47,train,-7133.154999999835,34.4075,2.1191,36.5266,0.0,85.74067,85.74067,705,45,145,1
48,train,-7481.289999999861,35.0948,2.8102,37.905,0.0,135.64371,135.64371,764,49,116,1
49,train,-8162.789999999702,39.2715,2.9253,42.1968,0.0,137.42006999999998,137.42006999999998,642,44,152,1
50,train,-7307.294999999765,34.4794,2.6017,37.0811,0.0,107.93519000000002,107.93519000000002,631,46,134,1
51,train,-7264.775000000011,35.1042,2.3455,37.4497,0.0,103.65845000000002,103.65845000000002,710,43,138,1
52,train,-6822.324999999797,31.1385,3.1892,34.3277,0.0,213.14525,213.14525,710,47,148,1
53,train,-7140.289999999851,33.052,3.087,36.139,0.0,171.35372,171.35372,689,47,145,1
54,train,-7020.859999999883,32.3387,2.8012,35.1399,0.0,127.29158000000001,127.29158000000001,701,47,176,1
55,train,-7192.419999999599,34.3149,2.4116,36.7265,0.0,113.56868999999999,113.56868999999999,689,45,141,1
56,train,-7077.099999999697,32.5504,2.8953,35.4457,0.0,148.6836,148.6836,696,46,152,1
57,train,-6855.754999999876,31.5884,2.7549,34.3433,0.0,150.67594000000003,150.67594000000003,728,46,178,1
58,train,-6968.424999999755,32.2427,2.6538,34.8965,0.0,156.67677,156.67677,720,48,161,1
59,train,-7367.709999999878,33.8919,3.7388,37.6307,0.0,338.20036,338.20036,720,40,174,1
60,train,-6805.729999999909,31.057,3.0464,34.1034,0.0,135.45047,135.45047,754,44,145,1
61,train,-6780.735000000075,30.7705,3.1521,33.9226,0.0,161.4377,161.4377,805,45,157,1
62,train,-7199.919999999838,33.9535,3.0857,37.0392,0.0,183.85637999999997,183.85637999999997,741,46,139,1
63,train,-6881.559999999727,31.9282,2.6513,34.5795,0.0,133.89657,133.89657,798,49,162,1
64,train,-7570.2750000001015,35.5584,5.0936,40.652,0.0,506.26685999999995,506.26685999999995,632,37,191,1
65,train,-7336.689999999772,34.4366,3.3334,37.77,0.0,222.695,222.695,765,41,160,1
66,train,-7053.109999999904,32.2081,3.0887,35.2968,0.0,178.78651000000002,178.78651000000002,762,51,144,1
67,train,-7101.449999999716,32.4369,3.3147,35.7516,0.0,227.01509,227.01509,732,44,181,1
68,train,-7294.039999999846,34.0274,3.1301,37.1575,0.0,210.47038999999998,210.47038999999998,613,45,219,1
69,train,-6730.244999999909,30.6867,2.9652,33.6519,0.0,164.37711999999996,164.37711999999996,733,45,184,1
70,train,-6492.540000000192,30.3715,2.1028,32.4743,0.0,72.52587,72.52587,694,55,208,1
71,train,-6898.949999999694,31.929,2.6444,34.5734,0.0,124.37534,124.37534,679,45,144,1
72,train,-6441.10999999966,30.222,2.0373,32.2593,0.0,70.67323,70.67323,695,49,210,1
73,train,-8013.770000000159,39.2838,3.5624,42.8462,0.0,282.55838,282.55838,512,44,183,1
74,train,-7359.604999999908,33.1022,3.8233,36.9255,0.0,299.43625,299.43625,628,47,169,1
75,train,-6941.794999999902,32.027,2.758,34.785,0.0,139.76279,139.76279,689,48,220,1
