global_step,episode,step_in_episode,reward,cumulative_reward_episode,queue_length
0,0,0,-0.0,0.0,0
1,0,1,0.0,0.0,0
2,0,2,0.0,0.0,0
3,0,3,0.0,0.0,0
4,0,4,0.0,0.0,0
5,0,5,0.0,0.0,0
6,0,6,0.0,0.0,0
7,0,7,0.0,0.0,0
8,0,8,0.0,0.0,0
9,0,9,0.0,0.0,0
10,0,10,0.0,0.0,0
11,0,11,0.0,0.0,0
12,0,12,0.0,0.0,0
13,0,13,0.0,0.0,0
14,0,14,0.0,0.0,0
15,0,15,0.0,0.0,0
16,0,16,0.0,0.0,0
17,0,17,0.0,0.0,0
18,0,18,0.0,0.0,0
19,0,19,0.0,0.0,0
20,0,20,0.0,0.0,0
21,0,21,0.0,0.0,0
22,0,22,0.0,0.0,0
23,0,23,0.0,0.0,0
24,0,24,0.0,0.0,0
25,0,25,0.0,0.0,0
26,0,26,0.0,0.0,0
27,0,27,0.0,0.0,0
28,0,28,0.0,0.0,0
29,0,29,0.0,0.0,0
30,0,30,0.0,0.0,0
31,0,31,0.0,0.0,0
32,0,32,0.0,0.0,0
33,0,33,0.0,0.0,0
34,0,34,0.0,0.0,0
35,0,35,0.0,0.0,0
36,0,36,0.0,0.0,0
37,0,37,0.0,0.0,0
38,0,38,0.0,0.0,0
39,0,39,0.0,0.0,0
40,0,40,0.0,0.0,0
41,0,41,0.0,0.0,0
42,0,42,0.0,0.0,0
43,0,43,0.0,0.0,0
44,0,44,0.0,0.0,0
45,0,45,0.0,0.0,0
46,0,46,0.0,0.0,0
47,0,47,0.0,0.0,0
48,0,48,0.0,0.0,0
49,0,49,0.0,0.0,0
50,0,50,0.0,0.0,0
51,0,51,0.0,0.0,0
52,0,52,0.0,0.0,0
53,0,53,0.0,0.0,0
54,0,54,0.0,0.0,0
55,0,55,0.0,0.0,0
56,0,56,0.0,0.0,0
57,0,57,0.0,0.0,0
58,0,58,0.0,0.0,0
59,0,59,0.0,0.0,0
60,0,60,0.0,0.0,0
61,0,61,0.0,0.0,0
62,0,62,0.0,0.0,0
63,0,63,0.0,0.0,0
64,0,64,0.0,0.0,0
65,0,65,0.0,0.0,0
66,0,66,0.0,0.0,0
67,0,67,0.0,0.0,0
68,0,68,0.0,0.0,0
69,0,69,0.0,0.0,0
70,0,70,0.0,0.0,0
71,0,71,0.0,0.0,0
72,0,72,0.0,0.0,0
73,0,73,0.0,0.0,0
74,0,74,0.0,0.0,0
75,0,75,0.0,0.0,0
76,0,76,0.0,0.0,0
77,0,77,0.0,0.0,0
78,0,78,0.0,0.0,0
79,0,79,0.0,0.0,0
80,0,80,0.0,0.0,0
81,0,81,0.0,0.0,0
82,0,82,0.0,0.0,0
83,0,83,0.0,0.0,0
84,0,84,0.0,0.0,0
85,0,85,0.0,0.0,0
86,0,86,0.0,0.0,0
87,0,87,0.0,0.0,0
88,0,88,0.0,0.0,0
89,0,89,0.0,0.0,0
90,0,90,0.0,0.0,0
91,0,91,0.0,0.0,0
92,0,92,0.0,0.0,0
93,0,93,0.0,0.0,0
94,0,94,0.0,0.0,0
95,0,95,0.0,0.0,0
96,0,96,0.0,0.0,0
97,0,97,0.0,0.0,0
98,0,98,0.0,0.0,0
99,0,99,0.0,0.0,0
100,1,0,-0.0,0.0,0
101,1,1,0.0,0.0,0
102,1,2,0.0,0.0,0
103,1,3,0.0,0.0,0
104,1,4,0.0,0.0,0
105,1,5,0.0,0.0,0
106,1,6,0.0,0.0,0
107,1,7,0.0,0.0,0
108,1,8,0.0,0.0,0
109,1,9,0.0,0.0,0
110,1,10,0.0,0.0,0
111,1,11,0.0,0.0,0
112,1,12,0.0,0.0,0
113,1,13,0.0,0.0,0
114,1,14,0.0,0.0,0
115,1,15,0.0,0.0,0
116,1,16,0.0,0.0,0
117,1,17,0.0,0.0,0
118,1,18,0.0,0.0,0
119,1,19,0.0,0.0,0
120,1,20,0.0,0.0,0
121,1,21,0.0,0.0,0
122,1,22,0.0,0.0,0
123,1,23,0.0,0.0,0
124,1,24,0.0,0.0,0
125,1,25,0.0,0.0,0
126,1,26,0.0,0.0,0
127,1,27,0.0,0.0,0
128,1,28,0.0,0.0,0
129,1,29,0.0,0.0,0
130,1,30,0.0,0.0,0
131,1,31,0.0,0.0,0
132,1,32,0.0,0.0,0
133,1,33,0.0,0.0,0
134,1,34,0.0,0.0,0
135,1,35,0.0,0.0,0
136,1,36,0.0,0.0,0
137,1,37,0.0,0.0,0
138,1,38,0.0,0.0,0
139,1,39,0.0,0.0,0
140,1,40,0.0,0.0,0
141,1,41,0.0,0.0,0
142,1,42,0.0,0.0,0
143,1,43,0.0,0.0,0
144,1,44,0.0,0.0,0
145,1,45,0.0,0.0,0
146,1,46,0.0,0.0,0
147,1,47,0.0,0.0,0
148,1,48,0.0,0.0,0
149,1,49,0.0,0.0,0
150,1,50,0.0,0.0,0
151,1,51,0.0,0.0,0
152,1,52,0.0,0.0,0
153,1,53,0.0,0.0,0
154,1,54,0.0,0.0,0
155,1,55,0.0,0.0,0
156,1,56,0.0,0.0,0
157,1,57,0.0,0.0,0
158,1,58,0.0,0.0,0
159,1,59,0.0,0.0,0
160,1,60,0.0,0.0,0
161,1,61,0.0,0.0,0
162,1,62,0.0,0.0,0
163,1,63,0.0,0.0,0
164,1,64,0.0,0.0,0
165,1,65,0.0,0.0,0
166,1,66,0.0,0.0,0
167,1,67,0.0,0.0,0
168,1,68,0.0,0.0,0
169,1,69,0.0,0.0,0
170,1,70,0.0,0.0,0
171,1,71,0.0,0.0,0
172,1,72,0.0,0.0,0
173,1,73,0.0,0.0,0
174,1,74,0.0,0.0,0
175,1,75,0.0,0.0,0
176,1,76,0.0,0.0,0
177,1,77,0.0,0.0,0
178,1,78,0.0,0.0,0
179,1,79,0.0,0.0,0
180,1,80,0.0,0.0,0
181,1,81,0.0,0.0,0
182,1,82,0.0,0.0,0
183,1,83,0.0,0.0,0
184,1,84,0.0,0.0,0
185,1,85,0.0,0.0,0
186,1,86,0.0,0.0,0
187,1,87,0.0,0.0,0
188,1,88,0.0,0.0,0
189,1,89,0.0,0.0,0
190,1,90,0.0,0.0,0
191,1,91,0.0,0.0,0
192,1,92,0.0,0.0,0
193,1,93,0.0,0.0,0
194,1,94,0.0,0.0,0
195,1,95,0.0,0.0,0
196,1,96,0.0,0.0,0
197,1,97,0.0,0.0,0
198,1,98,0.0,0.0,0
199,1,99,0.0,0.0,0
200,2,0,-0.0,0.0,0
201,2,1,0.0,0.0,0
202,2,2,0.0,0.0,0
203,2,3,0.0,0.0,0
204,2,4,0.0,0.0,0
205,2,5,0.0,0.0,0
206,2,6,0.0,0.0,0
207,2,7,0.0,0.0,0
208,2,8,0.0,0.0,0
209,2,9,0.0,0.0,0
210,2,10,0.0,0.0,0
211,2,11,0.0,0.0,0
212,2,12,0.0,0.0,0
213,2,13,0.0,0.0,0
214,2,14,0.0,0.0,0
215,2,15,0.0,0.0,0
216,2,16,0.0,0.0,0
217,2,17,0.0,0.0,0
218,2,18,0.0,0.0,0
219,2,19,0.0,0.0,0
220,2,20,0.0,0.0,0
221,2,21,0.0,0.0,0
222,2,22,0.0,0.0,0
223,2,23,0.0,0.0,0
224,2,24,0.0,0.0,0
225,2,25,0.0,0.0,0
226,2,26,0.0,0.0,0
227,2,27,0.0,0.0,0
228,2,28,0.0,0.0,0
229,2,29,0.0,0.0,0
230,2,30,0.0,0.0,0
231,2,31,0.0,0.0,0
232,2,32,0.0,0.0,0
233,2,33,0.0,0.0,0
234,2,34,0.0,0.0,0
235,2,35,0.0,0.0,0
236,2,36,0.0,0.0,0
237,2,37,0.0,0.0,0
238,2,38,0.0,0.0,0
239,2,39,0.0,0.0,0
240,2,40,0.0,0.0,0
241,2,41,0.0,0.0,0
242,2,42,0.0,0.0,0
243,2,43,0.0,0.0,0
244,2,44,0.0,0.0,0
245,2,45,0.0,0.0,0
246,2,46,0.0,0.0,0
247,2,47,0.0,0.0,0
248,2,48,0.0,0.0,0
249,2,49,0.0,0.0,0
250,2,50,0.0,0.0,0
251,2,51,0.0,0.0,0
252,2,52,0.0,0.0,0
253,2,53,0.0,0.0,0
254,2,54,0.0,0.0,0
255,2,55,0.0,0.0,0
256,2,56,0.0,0.0,0
257,2,57,0.0,0.0,0
258,2,58,0.0,0.0,0
259,2,59,0.0,0.0,0
260,2,60,0.0,0.0,0
261,2,61,0.0,0.0,0
262,2,62,0.0,0.0,0
263,2,63,0.0,0.0,0
264,2,64,0.0,0.0,0
265,2,65,0.0,0.0,0
266,2,66,0.0,0.0,0
267,2,67,0.0,0.0,0
268,2,68,0.0,0.0,0
269,2,69,0.0,0.0,0
270,2,70,0.0,0.0,0
271,2,71,0.0,0.0,0
272,2,72,0.0,0.0,0
273,2,73,0.0,0.0,0
274,2,74,0.0,0.0,0
275,2,75,0.0,0.0,0
276,2,76,0.0,0.0,0
277,2,77,0.0,0.0,0
278,2,78,0.0,0.0,0
279,2,79,0.0,0.0,0
280,2,80,0.0,0.0,0
281,2,81,0.0,0.0,0
282,2,82,0.0,0.0,0
283,2,83,0.0,0.0,0
284,2,84,0.0,0.0,0
285,2,85,0.0,0.0,0
286,2,86,0.0,0.0,0
287,2,87,0.0,0.0,0
288,2,88,0.0,0.0,0
289,2,89,0.0,0.0,0
290,2,90,0.0,0.0,0
291,2,91,0.0,0.0,0
292,2,92,0.0,0.0,0
293,2,93,0.0,0.0,0
294,2,94,0.0,0.0,0
295,2,95,0.0,0.0,0
296,2,96,0.0,0.0,0
297,2,97,0.0,0.0,0
298,2,98,0.0,0.0,0
299,2,99,0.0,0.0,0
300,3,0,-0.0,0.0,0
301,3,1,0.0,0.0,0
302,3,2,0.0,0.0,0
303,3,3,0.0,0.0,0
304,3,4,0.0,0.0,0
305,3,5,0.0,0.0,0
306,3,6,0.0,0.0,0
307,3,7,0.0,0.0,0
308,3,8,0.0,0.0,0
309,3,9,0.0,0.0,0
310,3,10,0.0,0.0,0
311,3,11,0.0,0.0,0
312,3,12,0.0,0.0,0
313,3,13,0.0,0.0,0
314,3,14,0.0,0.0,0
315,3,15,0.0,0.0,0
316,3,16,0.0,0.0,0
317,3,17,0.0,0.0,0
318,3,18,0.0,0.0,0
319,3,19,0.0,0.0,0
320,3,20,0.0,0.0,0
321,3,21,0.0,0.0,0
322,3,22,0.0,0.0,0
323,3,23,0.0,0.0,0
324,3,24,0.0,0.0,0
325,3,25,0.0,0.0,0
326,3,26,0.0,0.0,0
327,3,27,0.0,0.0,0
328,3,28,0.0,0.0,0
329,3,29,0.0,0.0,0
330,3,30,0.0,0.0,0
331,3,31,0.0,0.0,0
332,3,32,0.0,0.0,0
333,3,33,0.0,0.0,0
334,3,34,0.0,0.0,0
335,3,35,0.0,0.0,0
336,3,36,0.0,0.0,0
337,3,37,0.0,0.0,0
338,3,38,0.0,0.0,0
339,3,39,0.0,0.0,0
340,3,40,0.0,0.0,0
341,3,41,0.0,0.0,0
342,3,42,0.0,0.0,0
343,3,43,0.0,0.0,0
344,3,44,0.0,0.0,0
345,3,45,0.0,0.0,0
346,3,46,0.0,0.0,0
347,3,47,0.0,0.0,0
348,3,48,0.0,0.0,0
349,3,49,0.0,0.0,0
350,3,50,0.0,0.0,0
351,3,51,0.0,0.0,0
352,3,52,0.0,0.0,0
353,3,53,0.0,0.0,0
354,3,54,0.0,0.0,0
355,3,55,0.0,0.0,0
356,3,56,0.0,0.0,0
357,3,57,0.0,0.0,0
358,3,58,0.0,0.0,0
359,3,59,0.0,0.0,0
360,3,60,0.0,0.0,0
361,3,61,0.0,0.0,0
362,3,62,0.0,0.0,0
363,3,63,0.0,0.0,0
364,3,64,0.0,0.0,0
365,3,65,0.0,0.0,0
366,3,66,0.0,0.0,0
367,3,67,0.0,0.0,0
368,3,68,0.0,0.0,0
369,3,69,0.0,0.0,0
370,3,70,0.0,0.0,0
371,3,71,0.0,0.0,0
372,3,72,0.0,0.0,0
373,3,73,0.0,0.0,0
374,3,74,0.0,0.0,0
375,3,75,0.0,0.0,0
376,3,76,0.0,0.0,0
377,3,77,0.0,0.0,0
378,3,78,0.0,0.0,0
379,3,79,0.0,0.0,0
380,3,80,0.0,0.0,0
381,3,81,0.0,0.0,0
382,3,82,0.0,0.0,0
383,3,83,0.0,0.0,0
384,3,84,0.0,0.0,0
385,3,85,0.0,0.0,0
386,3,86,0.0,0.0,0
387,3,87,0.0,0.0,0
388,3,88,0.0,0.0,0
389,3,89,0.0,0.0,0
390,3,90,0.0,0.0,0
391,3,91,0.0,0.0,0
392,3,92,0.0,0.0,0
393,3,93,0.0,0.0,0
394,3,94,0.0,0.0,0
395,3,95,0.0,0.0,0
396,3,96,0.0,0.0,0
397,3,97,0.0,0.0,0
398,3,98,0.0,0.0,0
399,3,99,0.0,0.0,0
400,4,0,-0.0,0.0,0
401,4,1,0.0,0.0,0
402,4,2,0.0,0.0,0
403,4,3,0.0,0.0,0
404,4,4,0.0,0.0,0
405,4,5,0.0,0.0,0
406,4,6,0.0,0.0,0
407,4,7,0.0,0.0,0
408,4,8,0.0,0.0,0
409,4,9,0.0,0.0,0
410,4,10,0.0,0.0,0
411,4,11,0.0,0.0,0
412,4,12,0.0,0.0,0
413,4,13,0.0,0.0,0
414,4,14,0.0,0.0,0
415,4,15,0.0,0.0,0
416,4,16,0.0,0.0,0
417,4,17,0.0,0.0,0
418,4,18,0.0,0.0,0
419,4,19,0.0,0.0,0
420,4,20,0.0,0.0,0
421,4,21,0.0,0.0,0
422,4,22,0.0,0.0,0
423,4,23,0.0,0.0,0
424,4,24,0.0,0.0,0
425,4,25,0.0,0.0,0
426,4,26,0.0,0.0,0
427,4,27,0.0,0.0,0
428,4,28,0.0,0.0,0
429,4,29,0.0,0.0,0
430,4,30,0.0,0.0,0
431,4,31,0.0,0.0,0
432,4,32,0.0,0.0,0
433,4,33,0.0,0.0,0
434,4,34,0.0,0.0,0
435,4,35,0.0,0.0,0
436,4,36,0.0,0.0,0
437,4,37,0.0,0.0,0
438,4,38,0.0,0.0,0
439,4,39,0.0,0.0,0
440,4,40,0.0,0.0,0
441,4,41,0.0,0.0,0
442,4,42,0.0,0.0,0
443,4,43,0.0,0.0,0
444,4,44,0.0,0.0,0
445,4,45,0.0,0.0,0
446,4,46,0.0,0.0,0
447,4,47,0.0,0.0,0
448,4,48,0.0,0.0,0
449,4,49,0.0,0.0,0
450,4,50,0.0,0.0,0
451,4,51,0.0,0.0,0
452,4,52,0.0,0.0,0
453,4,53,0.0,0.0,0
454,4,54,0.0,0.0,0
455,4,55,0.0,0.0,0
456,4,56,0.0,0.0,0
457,4,57,0.0,0.0,0
458,4,58,0.0,0.0,0
459,4,59,0.0,0.0,0
460,4,60,0.0,0.0,0
461,4,61,0.0,0.0,0
462,4,62,0.0,0.0,0
463,4,63,0.0,0.0,0
464,4,64,0.0,0.0,0
465,4,65,0.0,0.0,0
466,4,66,0.0,0.0,0
467,4,67,0.0,0.0,0
468,4,68,0.0,0.0,0
469,4,69,0.0,0.0,0
470,4,70,0.0,0.0,0
471,4,71,0.0,0.0,0
472,4,72,0.0,0.0,0
473,4,73,0.0,0.0,0
474,4,74,0.0,0.0,0
475,4,75,0.0,0.0,0
476,4,76,0.0,0.0,0
477,4,77,0.0,0.0,0
478,4,78,0.0,0.0,0
479,4,79,0.0,0.0,0
480,4,80,0.0,0.0,0
481,4,81,0.0,0.0,0
482,4,82,0.0,0.0,0
483,4,83,0.0,0.0,0
484,4,84,0.0,0.0,0
485,4,85,0.0,0.0,0
486,4,86,0.0,0.0,0
487,4,87,0.0,0.0,0
488,4,88,0.0,0.0,0
489,4,89,0.0,0.0,0
490,4,90,0.0,0.0,0
491,4,91,0.0,0.0,0
492,4,92,0.0,0.0,0
493,4,93,0.0,0.0,0
494,4,94,0.0,0.0,0
495,4,95,0.0,0.0,0
496,4,96,0.0,0.0,0
497,4,97,0.0,0.0,0
498,4,98,0.0,0.0,0
499,4,99,0.0,0.0,0
