global_step,batch_idx,env_label,episode,step_in_episode,reward,cumulative_reward_episode,queue_length,queue_ma50,loss
0,0,0,0,0,-0.0,0.0,0,0.0,0.0
1,0,1,1,0,-0.0,0.0,0,0.0,0.0
2,0,2,2,0,-0.0,0.0,0,0.0,0.0
3,0,3,3,0,-0.0,0.0,0,0.0,0.0
4,0,4,4,0,-0.0,0.0,0,0.0,0.0
5,0,5,5,0,-0.0,0.0,0,0.0,0.0
6,0,6,6,0,-0.0,0.0,0,0.0,0.0
7,0,7,7,0,-0.0,0.0,0,0.0,0.0
8,0,8,8,0,-0.0,0.0,0,0.0,0.0
9,0,9,9,0,-0.0,0.0,0,0.0,0.0
10,0,10,10,0,-0.0,0.0,0,0.0,0.0
11,0,11,11,0,-0.0,0.0,0,0.0,0.0
12,0,12,12,0,-0.0,0.0,0,0.0,0.0
13,0,13,13,0,-0.0,0.0,0,0.0,0.0
14,0,14,14,0,-0.0,0.0,0,0.0,0.0
15,0,15,15,0,-0.0,0.0,0,0.0,0.0
16,0,16,16,0,-0.0,0.0,0,0.0,0.0
17,0,17,17,0,-0.0,0.0,0,0.0,0.0
18,0,18,18,0,-0.0,0.0,0,0.0,0.0
19,0,19,19,0,-0.0,0.0,0,0.0,0.0
20,0,20,20,0,-0.0,0.0,0,0.0,0.0
21,0,21,21,0,-0.0,0.0,0,0.0,0.0
22,0,22,22,0,-0.0,0.0,0,0.0,0.0
23,0,23,23,0,-0.0,0.0,0,0.0,0.0
24,0,0,0,1,0.0,0.0,0,0.0,0.0
25,0,1,1,1,0.0,0.0,0,0.0,0.0
26,0,2,2,1,0.0,0.0,0,0.0,0.0
27,0,3,3,1,0.0,0.0,0,0.0,0.0
28,0,4,4,1,0.0,0.0,0,0.0,0.0
29,0,5,5,1,0.0,0.0,0,0.0,0.0
30,0,6,6,1,0.0,0.0,0,0.0,0.0
31,0,7,7,1,0.0,0.0,0,0.0,0.0
32,0,8,8,1,0.0,0.0,0,0.0,0.0
33,0,9,9,1,0.0,0.0,0,0.0,0.0
34,0,10,10,1,0.0,0.0,0,0.0,0.0
35,0,11,11,1,0.0,0.0,0,0.0,0.0
36,0,12,12,1,0.0,0.0,0,0.0,0.0
37,0,13,13,1,0.0,0.0,0,0.0,0.0
38,0,14,14,1,0.0,0.0,0,0.0,0.0
39,0,15,15,1,0.0,0.0,0,0.0,0.0
40,0,16,16,1,0.0,0.0,0,0.0,0.0
41,0,17,17,1,0.0,0.0,0,0.0,0.0
42,0,18,18,1,0.0,0.0,0,0.0,0.0
43,0,19,19,1,0.0,0.0,0,0.0,0.0
44,0,20,20,1,0.0,0.0,0,0.0,0.0
45,0,21,21,1,0.0,0.0,0,0.0,0.0
46,0,22,22,1,0.0,0.0,0,0.0,0.0
47,0,23,23,1,0.0,0.0,0,0.0,0.0
48,0,0,0,2,0.0,0.0,0,0.0,0.0
49,0,1,1,2,0.0,0.0,0,0.0,0.0
50,0,2,2,2,0.0,0.0,0,0.0,0.0
51,0,3,3,2,0.0,0.0,0,0.0,0.0
52,0,4,4,2,0.0,0.0,0,0.0,0.0
53,0,5,5,2,0.0,0.0,0,0.0,0.0
54,0,6,6,2,0.0,0.0,0,0.0,0.0
55,0,7,7,2,0.0,0.0,0,0.0,0.0
56,0,8,8,2,0.0,0.0,0,0.0,0.0
57,0,9,9,2,0.0,0.0,0,0.0,0.0
58,0,10,10,2,0.0,0.0,0,0.0,0.0
59,0,11,11,2,0.0,0.0,0,0.0,0.0
60,0,12,12,2,0.0,0.0,0,0.0,0.0
61,0,13,13,2,0.0,0.0,0,0.0,0.0
62,0,14,14,2,0.0,0.0,0,0.0,0.0
63,0,15,15,2,0.0,0.0,0,0.0,0.0
64,0,16,16,2,0.0,0.0,0,0.0,0.0
65,0,17,17,2,0.0,0.0,0,0.0,0.0
66,0,18,18,2,0.0,0.0,0,0.0,0.0
67,0,19,19,2,0.0,0.0,0,0.0,0.0
68,0,20,20,2,0.0,0.0,0,0.0,0.0
69,0,21,21,2,0.0,0.0,0,0.0,0.0
70,0,22,22,2,0.0,0.0,0,0.0,0.0
71,0,23,23,2,0.0,0.0,0,0.0,0.0
72,0,0,0,3,0.0,0.0,0,0.0,0.0
73,0,1,1,3,0.0,0.0,0,0.0,0.0
74,0,2,2,3,0.0,0.0,0,0.0,0.0
75,0,3,3,3,0.0,0.0,0,0.0,0.0
76,0,4,4,3,0.0,0.0,0,0.0,0.0
77,0,5,5,3,0.0,0.0,0,0.0,0.0
78,0,6,6,3,0.0,0.0,0,0.0,0.0
79,0,7,7,3,0.0,0.0,0,0.0,0.0
80,0,8,8,3,0.0,0.0,0,0.0,0.0
81,0,9,9,3,0.0,0.0,0,0.0,0.0
82,0,10,10,3,0.0,0.0,0,0.0,0.0
83,0,11,11,3,0.0,0.0,0,0.0,0.0
84,0,12,12,3,0.0,0.0,0,0.0,0.0
85,0,13,13,3,0.0,0.0,0,0.0,0.0
86,0,14,14,3,0.0,0.0,0,0.0,0.0
87,0,15,15,3,0.0,0.0,0,0.0,0.0
88,0,16,16,3,0.0,0.0,0,0.0,0.0
89,0,17,17,3,0.0,0.0,0,0.0,0.0
90,0,18,18,3,0.0,0.0,0,0.0,0.0
91,0,19,19,3,0.0,0.0,0,0.0,0.0
92,0,20,20,3,0.0,0.0,0,0.0,0.0
93,0,21,21,3,0.0,0.0,0,0.0,0.0
94,0,22,22,3,0.0,0.0,0,0.0,0.0
95,0,23,23,3,0.0,0.0,0,0.0,0.0
96,0,0,0,4,0.0,0.0,0,0.0,0.0
97,0,1,1,4,0.0,0.0,0,0.0,0.0
98,0,2,2,4,0.0,0.0,0,0.0,0.0
99,0,3,3,4,0.0,0.0,0,0.0,0.0
100,0,4,4,4,0.0,0.0,0,0.0,0.0
101,0,5,5,4,0.0,0.0,0,0.0,0.0
102,0,6,6,4,0.0,0.0,0,0.0,0.0
103,0,7,7,4,0.0,0.0,0,0.0,0.0
104,0,8,8,4,0.0,0.0,0,0.0,0.0
105,0,9,9,4,0.0,0.0,0,0.0,0.0
106,0,10,10,4,0.0,0.0,0,0.0,0.0
107,0,11,11,4,0.0,0.0,0,0.0,0.0
108,0,12,12,4,0.0,0.0,0,0.0,0.0
109,0,13,13,4,0.0,0.0,0,0.0,0.0
110,0,14,14,4,0.0,0.0,0,0.0,0.0
111,0,15,15,4,0.0,0.0,0,0.0,0.0
112,0,16,16,4,0.0,0.0,0,0.0,0.0
113,0,17,17,4,0.0,0.0,0,0.0,0.0
114,0,18,18,4,0.0,0.0,0,0.0,0.0
115,0,19,19,4,0.0,0.0,0,0.0,0.0
116,0,20,20,4,0.0,0.0,0,0.0,0.0
117,0,21,21,4,0.0,0.0,0,0.0,0.0
118,0,22,22,4,0.0,0.0,0,0.0,0.0
119,0,23,23,4,0.0,0.0,0,0.0,0.0
120,0,0,0,5,0.0,0.0,0,0.0,0.0
121,0,1,1,5,0.0,0.0,0,0.0,0.0
122,0,2,2,5,0.0,0.0,0,0.0,0.0
123,0,3,3,5,0.0,0.0,0,0.0,0.0
124,0,4,4,5,0.0,0.0,0,0.0,0.0
125,0,5,5,5,0.0,0.0,0,0.0,0.0
126,0,6,6,5,0.0,0.0,0,0.0,0.0
127,0,7,7,5,0.0,0.0,0,0.0,0.0
128,0,8,8,5,0.0,0.0,0,0.0,0.0
129,0,9,9,5,0.0,0.0,0,0.0,0.0
130,0,10,10,5,0.0,0.0,0,0.0,0.0
131,0,11,11,5,0.0,0.0,0,0.0,0.0
132,0,12,12,5,0.0,0.0,0,0.0,0.0
133,0,13,13,5,0.0,0.0,0,0.0,0.0
134,0,14,14,5,0.0,0.0,0,0.0,0.0
135,0,15,15,5,0.0,0.0,0,0.0,0.0
136,0,16,16,5,0.0,0.0,0,0.0,0.0
137,0,17,17,5,0.0,0.0,0,0.0,0.0
138,0,18,18,5,0.0,0.0,0,0.0,0.0
139,0,19,19,5,0.0,0.0,0,0.0,0.0
140,0,20,20,5,0.0,0.0,0,0.0,0.0
141,0,21,21,5,0.0,0.0,0,0.0,0.0
142,0,22,22,5,0.0,0.0,0,0.0,0.0
143,0,23,23,5,0.0,0.0,0,0.0,0.0
144,0,0,0,6,0.0,0.0,0,0.0,0.0
145,0,1,1,6,0.0,0.0,0,0.0,0.0
146,0,2,2,6,0.0,0.0,0,0.0,0.0
147,0,3,3,6,0.0,0.0,0,0.0,0.0
148,0,4,4,6,0.0,0.0,0,0.0,0.0
149,0,5,5,6,0.0,0.0,0,0.0,0.0
150,0,6,6,6,0.0,0.0,0,0.0,0.0
151,0,7,7,6,0.0,0.0,0,0.0,0.0
152,0,8,8,6,0.0,0.0,0,0.0,0.0
153,0,9,9,6,0.0,0.0,0,0.0,0.0
154,0,10,10,6,0.0,0.0,0,0.0,0.0
155,0,11,11,6,0.0,0.0,0,0.0,0.0
156,0,12,12,6,0.0,0.0,0,0.0,0.0
157,0,13,13,6,0.0,0.0,0,0.0,0.0
158,0,14,14,6,0.0,0.0,0,0.0,0.0
159,0,15,15,6,0.0,0.0,0,0.0,0.0
160,0,16,16,6,0.0,0.0,0,0.0,0.0
161,0,17,17,6,0.0,0.0,0,0.0,0.0
162,0,18,18,6,0.0,0.0,0,0.0,0.0
163,0,19,19,6,0.0,0.0,0,0.0,0.0
164,0,20,20,6,0.0,0.0,0,0.0,0.0
165,0,21,21,6,0.0,0.0,0,0.0,0.0
166,0,22,22,6,0.0,0.0,0,0.0,0.0
167,0,23,23,6,0.0,0.0,0,0.0,0.0
168,0,0,0,7,0.0,0.0,0,0.0,0.0
169,0,1,1,7,0.0,0.0,0,0.0,0.0
170,0,2,2,7,0.0,0.0,0,0.0,0.0
171,0,3,3,7,0.0,0.0,0,0.0,0.0
172,0,4,4,7,0.0,0.0,0,0.0,0.0
173,0,5,5,7,0.0,0.0,0,0.0,0.0
174,0,6,6,7,0.0,0.0,0,0.0,0.0
175,0,7,7,7,0.0,0.0,0,0.0,0.0
176,0,8,8,7,0.0,0.0,0,0.0,0.0
177,0,9,9,7,0.0,0.0,0,0.0,0.0
178,0,10,10,7,0.0,0.0,0,0.0,0.0
179,0,11,11,7,0.0,0.0,0,0.0,0.0
180,0,12,12,7,0.0,0.0,0,0.0,0.0
181,0,13,13,7,0.0,0.0,0,0.0,0.0
182,0,14,14,7,0.0,0.0,0,0.0,0.0
183,0,15,15,7,0.0,0.0,0,0.0,0.0
184,0,16,16,7,0.0,0.0,0,0.0,0.0
185,0,17,17,7,0.0,0.0,0,0.0,0.0
186,0,18,18,7,0.0,0.0,0,0.0,0.0
187,0,19,19,7,0.0,0.0,0,0.0,0.0
188,0,20,20,7,0.0,0.0,0,0.0,0.0
189,0,21,21,7,0.0,0.0,0,0.0,0.0
190,0,22,22,7,0.0,0.0,0,0.0,0.0
191,0,23,23,7,0.0,0.0,0,0.0,0.0
192,0,0,0,8,0.0,0.0,0,0.0,0.0
193,0,1,1,8,0.0,0.0,0,0.0,0.0
194,0,2,2,8,0.0,0.0,0,0.0,0.0
195,0,3,3,8,0.0,0.0,0,0.0,0.0
196,0,4,4,8,0.0,0.0,0,0.0,0.0
197,0,5,5,8,0.0,0.0,0,0.0,0.0
198,0,6,6,8,0.0,0.0,0,0.0,0.0
199,0,7,7,8,0.0,0.0,0,0.0,0.0
200,0,8,8,8,0.0,0.0,0,0.0,0.0
201,0,9,9,8,0.0,0.0,0,0.0,0.0
202,0,10,10,8,0.0,0.0,0,0.0,0.0
203,0,11,11,8,0.0,0.0,0,0.0,0.0
204,0,12,12,8,0.0,0.0,0,0.0,0.0
205,0,13,13,8,0.0,0.0,0,0.0,0.0
206,0,14,14,8,0.0,0.0,0,0.0,0.0
207,0,15,15,8,0.0,0.0,0,0.0,0.0
208,0,16,16,8,0.0,0.0,0,0.0,0.0
209,0,17,17,8,0.0,0.0,0,0.0,0.0
210,0,18,18,8,0.0,0.0,0,0.0,0.0
211,0,19,19,8,0.0,0.0,0,0.0,0.0
212,0,20,20,8,0.0,0.0,0,0.0,0.0
213,0,21,21,8,0.0,0.0,0,0.0,0.0
214,0,22,22,8,0.0,0.0,0,0.0,0.0
215,0,23,23,8,0.0,0.0,0,0.0,0.0
216,0,0,0,9,0.0,0.0,0,0.0,0.0
217,0,1,1,9,0.0,0.0,0,0.0,0.0
218,0,2,2,9,0.0,0.0,0,0.0,0.0
219,0,3,3,9,0.0,0.0,0,0.0,0.0
220,0,4,4,9,0.0,0.0,0,0.0,0.0
221,0,5,5,9,0.0,0.0,0,0.0,0.0
222,0,6,6,9,0.0,0.0,0,0.0,0.0
223,0,7,7,9,0.0,0.0,0,0.0,0.0
224,0,8,8,9,0.0,0.0,0,0.0,0.0
225,0,9,9,9,0.0,0.0,0,0.0,0.0
226,0,10,10,9,0.0,0.0,0,0.0,0.0
227,0,11,11,9,0.0,0.0,0,0.0,0.0
228,0,12,12,9,0.0,0.0,0,0.0,0.0
229,0,13,13,9,0.0,0.0,0,0.0,0.0
230,0,14,14,9,0.0,0.0,0,0.0,0.0
231,0,15,15,9,0.0,0.0,0,0.0,0.0
232,0,16,16,9,0.0,0.0,0,0.0,0.0
233,0,17,17,9,0.0,0.0,0,0.0,0.0
234,0,18,18,9,0.0,0.0,0,0.0,0.0
235,0,19,19,9,0.0,0.0,0,0.0,0.0
236,0,20,20,9,0.0,0.0,0,0.0,0.0
237,0,21,21,9,0.0,0.0,0,0.0,0.0
238,0,22,22,9,0.0,0.0,0,0.0,0.0
239,0,23,23,9,0.0,0.0,0,0.0,0.0
240,1,0,24,0,-0.0,0.0,0,0.0,0.0
241,1,1,25,0,-0.0,0.0,0,0.0,0.0
242,1,2,26,0,-0.0,0.0,0,0.0,0.0
243,1,3,27,0,-0.0,0.0,0,0.0,0.0
244,1,4,28,0,-0.0,0.0,0,0.0,0.0
245,1,5,29,0,-0.0,0.0,0,0.0,0.0
246,1,6,30,0,-0.0,0.0,0,0.0,0.0
247,1,7,31,0,-0.0,0.0,0,0.0,0.0
248,1,8,32,0,-0.0,0.0,0,0.0,0.0
249,1,9,33,0,-0.0,0.0,0,0.0,0.0
250,1,10,34,0,-0.0,0.0,0,0.0,0.0
251,1,11,35,0,-0.0,0.0,0,0.0,0.0
252,1,12,36,0,-0.0,0.0,0,0.0,0.0
253,1,13,37,0,-0.0,0.0,0,0.0,0.0
254,1,14,38,0,-0.0,0.0,0,0.0,0.0
255,1,15,39,0,-0.0,0.0,0,0.0,0.0
256,1,16,40,0,-0.0,0.0,0,0.0,0.0
257,1,17,41,0,-0.0,0.0,0,0.0,0.0
258,1,18,42,0,-0.0,0.0,0,0.0,0.0
259,1,19,43,0,-0.0,0.0,0,0.0,0.0
260,1,20,44,0,-0.0,0.0,0,0.0,0.0
261,1,21,45,0,-0.0,0.0,0,0.0,0.0
262,1,22,46,0,-0.0,0.0,0,0.0,0.0
263,1,23,47,0,-0.0,0.0,0,0.0,0.0
264,1,0,24,1,0.0,0.0,0,0.0,0.0
265,1,1,25,1,0.0,0.0,0,0.0,0.0
266,1,2,26,1,0.0,0.0,0,0.0,0.0
267,1,3,27,1,0.0,0.0,0,0.0,0.0
268,1,4,28,1,0.0,0.0,0,0.0,0.0
269,1,5,29,1,0.0,0.0,0,0.0,0.0
270,1,6,30,1,0.0,0.0,0,0.0,0.0
271,1,7,31,1,0.0,0.0,0,0.0,0.0
272,1,8,32,1,0.0,0.0,0,0.0,0.0
273,1,9,33,1,0.0,0.0,0,0.0,0.0
274,1,10,34,1,0.0,0.0,0,0.0,0.0
275,1,11,35,1,0.0,0.0,0,0.0,0.0
276,1,12,36,1,0.0,0.0,0,0.0,0.0
277,1,13,37,1,0.0,0.0,0,0.0,0.0
278,1,14,38,1,0.0,0.0,0,0.0,0.0
279,1,15,39,1,0.0,0.0,0,0.0,0.0
280,1,16,40,1,0.0,0.0,0,0.0,0.0
281,1,17,41,1,0.0,0.0,0,0.0,0.0
282,1,18,42,1,0.0,0.0,0,0.0,0.0
283,1,19,43,1,0.0,0.0,0,0.0,0.0
284,1,20,44,1,0.0,0.0,0,0.0,0.0
285,1,21,45,1,0.0,0.0,0,0.0,0.0
286,1,22,46,1,0.0,0.0,0,0.0,0.0
287,1,23,47,1,0.0,0.0,0,0.0,0.0
288,1,0,24,2,0.0,0.0,0,0.0,0.0
289,1,1,25,2,0.0,0.0,0,0.0,0.0
290,1,2,26,2,0.0,0.0,0,0.0,0.0
291,1,3,27,2,0.0,0.0,0,0.0,0.0
292,1,4,28,2,0.0,0.0,0,0.0,0.0
293,1,5,29,2,0.0,0.0,0,0.0,0.0
294,1,6,30,2,0.0,0.0,0,0.0,0.0
295,1,7,31,2,0.0,0.0,0,0.0,0.0
296,1,8,32,2,0.0,0.0,0,0.0,0.0
297,1,9,33,2,0.0,0.0,0,0.0,0.0
298,1,10,34,2,0.0,0.0,0,0.0,0.0
299,1,11,35,2,0.0,0.0,0,0.0,0.0
300,1,12,36,2,0.0,0.0,0,0.0,0.0
301,1,13,37,2,0.0,0.0,0,0.0,0.0
302,1,14,38,2,0.0,0.0,0,0.0,0.0
303,1,15,39,2,0.0,0.0,0,0.0,0.0
304,1,16,40,2,0.0,0.0,0,0.0,0.0
305,1,17,41,2,0.0,0.0,0,0.0,0.0
306,1,18,42,2,0.0,0.0,0,0.0,0.0
307,1,19,43,2,0.0,0.0,0,0.0,0.0
308,1,20,44,2,0.0,0.0,0,0.0,0.0
309,1,21,45,2,0.0,0.0,0,0.0,0.0
310,1,22,46,2,0.0,0.0,0,0.0,0.0
311,1,23,47,2,0.0,0.0,0,0.0,0.0
312,1,0,24,3,0.0,0.0,0,0.0,0.0
313,1,1,25,3,0.0,0.0,0,0.0,0.0
314,1,2,26,3,0.0,0.0,0,0.0,0.0
315,1,3,27,3,0.0,0.0,0,0.0,0.0
316,1,4,28,3,0.0,0.0,0,0.0,0.0
317,1,5,29,3,0.0,0.0,0,0.0,0.0
318,1,6,30,3,0.0,0.0,0,0.0,0.0
319,1,7,31,3,0.0,0.0,0,0.0,0.0
320,1,8,32,3,0.0,0.0,0,0.0,0.0
321,1,9,33,3,0.0,0.0,0,0.0,0.0
322,1,10,34,3,0.0,0.0,0,0.0,0.0
323,1,11,35,3,0.0,0.0,0,0.0,0.0
324,1,12,36,3,0.0,0.0,0,0.0,0.0
325,1,13,37,3,0.0,0.0,0,0.0,0.0
326,1,14,38,3,0.0,0.0,0,0.0,0.0
327,1,15,39,3,0.0,0.0,0,0.0,0.0
328,1,16,40,3,0.0,0.0,0,0.0,0.0
329,1,17,41,3,0.0,0.0,0,0.0,0.0
330,1,18,42,3,0.0,0.0,0,0.0,0.0
331,1,19,43,3,0.0,0.0,0,0.0,0.0
332,1,20,44,3,0.0,0.0,0,0.0,0.0
333,1,21,45,3,0.0,0.0,0,0.0,0.0
334,1,22,46,3,0.0,0.0,0,0.0,0.0
335,1,23,47,3,0.0,0.0,0,0.0,0.0
336,1,0,24,4,0.0,0.0,0,0.0,0.0
337,1,1,25,4,0.0,0.0,0,0.0,0.0
338,1,2,26,4,0.0,0.0,0,0.0,0.0
339,1,3,27,4,0.0,0.0,0,0.0,0.0
340,1,4,28,4,0.0,0.0,0,0.0,0.0
341,1,5,29,4,0.0,0.0,0,0.0,0.0
342,1,6,30,4,0.0,0.0,0,0.0,0.0
343,1,7,31,4,0.0,0.0,0,0.0,0.0
344,1,8,32,4,0.0,0.0,0,0.0,0.0
345,1,9,33,4,0.0,0.0,0,0.0,0.0
346,1,10,34,4,0.0,0.0,0,0.0,0.0
347,1,11,35,4,0.0,0.0,0,0.0,0.0
348,1,12,36,4,0.0,0.0,0,0.0,0.0
349,1,13,37,4,0.0,0.0,0,0.0,0.0
350,1,14,38,4,0.0,0.0,0,0.0,0.0
351,1,15,39,4,0.0,0.0,0,0.0,0.0
352,1,16,40,4,0.0,0.0,0,0.0,0.0
353,1,17,41,4,0.0,0.0,0,0.0,0.0
354,1,18,42,4,0.0,0.0,0,0.0,0.0
355,1,19,43,4,0.0,0.0,0,0.0,0.0
356,1,20,44,4,0.0,0.0,0,0.0,0.0
357,1,21,45,4,0.0,0.0,0,0.0,0.0
358,1,22,46,4,0.0,0.0,0,0.0,0.0
359,1,23,47,4,0.0,0.0,0,0.0,0.0
360,1,0,24,5,0.0,0.0,0,0.0,0.0
361,1,1,25,5,0.0,0.0,0,0.0,0.0
362,1,2,26,5,0.0,0.0,0,0.0,0.0
363,1,3,27,5,0.0,0.0,0,0.0,0.0
364,1,4,28,5,0.0,0.0,0,0.0,0.0
365,1,5,29,5,0.0,0.0,0,0.0,0.0
366,1,6,30,5,0.0,0.0,0,0.0,0.0
367,1,7,31,5,0.0,0.0,0,0.0,0.0
368,1,8,32,5,0.0,0.0,0,0.0,0.0
369,1,9,33,5,0.0,0.0,0,0.0,0.0
370,1,10,34,5,0.0,0.0,0,0.0,0.0
371,1,11,35,5,0.0,0.0,0,0.0,0.0
372,1,12,36,5,0.0,0.0,0,0.0,0.0
373,1,13,37,5,0.0,0.0,0,0.0,0.0
374,1,14,38,5,0.0,0.0,0,0.0,0.0
375,1,15,39,5,0.0,0.0,0,0.0,0.0
376,1,16,40,5,0.0,0.0,0,0.0,0.0
377,1,17,41,5,0.0,0.0,0,0.0,0.0
378,1,18,42,5,0.0,0.0,0,0.0,0.0
379,1,19,43,5,0.0,0.0,0,0.0,0.0
380,1,20,44,5,0.0,0.0,0,0.0,0.0
381,1,21,45,5,0.0,0.0,0,0.0,0.0
382,1,22,46,5,0.0,0.0,0,0.0,0.0
383,1,23,47,5,0.0,0.0,0,0.0,0.0
384,1,0,24,6,0.0,0.0,0,0.0,0.0
385,1,1,25,6,0.0,0.0,0,0.0,0.0
386,1,2,26,6,0.0,0.0,0,0.0,0.0
387,1,3,27,6,0.0,0.0,0,0.0,0.0
388,1,4,28,6,0.0,0.0,0,0.0,0.0
389,1,5,29,6,0.0,0.0,0,0.0,0.0
390,1,6,30,6,0.0,0.0,0,0.0,0.0
391,1,7,31,6,0.0,0.0,0,0.0,0.0
392,1,8,32,6,0.0,0.0,0,0.0,0.0
393,1,9,33,6,0.0,0.0,0,0.0,0.0
394,1,10,34,6,0.0,0.0,0,0.0,0.0
395,1,11,35,6,0.0,0.0,0,0.0,0.0
396,1,12,36,6,0.0,0.0,0,0.0,0.0
397,1,13,37,6,0.0,0.0,0,0.0,0.0
398,1,14,38,6,0.0,0.0,0,0.0,0.0
399,1,15,39,6,0.0,0.0,0,0.0,0.0
400,1,16,40,6,0.0,0.0,0,0.0,0.0
401,1,17,41,6,0.0,0.0,0,0.0,0.0
402,1,18,42,6,0.0,0.0,0,0.0,0.0
403,1,19,43,6,0.0,0.0,0,0.0,0.0
404,1,20,44,6,0.0,0.0,0,0.0,0.0
405,1,21,45,6,0.0,0.0,0,0.0,0.0
406,1,22,46,6,0.0,0.0,0,0.0,0.0
407,1,23,47,6,0.0,0.0,0,0.0,0.0
408,1,0,24,7,0.0,0.0,0,0.0,0.0
409,1,1,25,7,0.0,0.0,0,0.0,0.0
410,1,2,26,7,0.0,0.0,0,0.0,0.0
411,1,3,27,7,0.0,0.0,0,0.0,0.0
412,1,4,28,7,0.0,0.0,0,0.0,0.0
413,1,5,29,7,0.0,0.0,0,0.0,0.0
414,1,6,30,7,0.0,0.0,0,0.0,0.0
415,1,7,31,7,0.0,0.0,0,0.0,0.0
416,1,8,32,7,0.0,0.0,0,0.0,0.0
417,1,9,33,7,0.0,0.0,0,0.0,0.0
418,1,10,34,7,0.0,0.0,0,0.0,0.0
419,1,11,35,7,0.0,0.0,0,0.0,0.0
420,1,12,36,7,0.0,0.0,0,0.0,0.0
421,1,13,37,7,0.0,0.0,0,0.0,0.0
422,1,14,38,7,0.0,0.0,0,0.0,0.0
423,1,15,39,7,0.0,0.0,0,0.0,0.0
424,1,16,40,7,0.0,0.0,0,0.0,0.0
425,1,17,41,7,0.0,0.0,0,0.0,0.0
426,1,18,42,7,0.0,0.0,0,0.0,0.0
427,1,19,43,7,0.0,0.0,0,0.0,0.0
428,1,20,44,7,0.0,0.0,0,0.0,0.0
429,1,21,45,7,0.0,0.0,0,0.0,0.0
430,1,22,46,7,0.0,0.0,0,0.0,0.0
431,1,23,47,7,0.0,0.0,0,0.0,0.0
432,1,0,24,8,0.0,0.0,0,0.0,0.0
433,1,1,25,8,0.0,0.0,0,0.0,0.0
434,1,2,26,8,0.0,0.0,0,0.0,0.0
435,1,3,27,8,0.0,0.0,0,0.0,0.0
436,1,4,28,8,0.0,0.0,0,0.0,0.0
437,1,5,29,8,0.0,0.0,0,0.0,0.0
438,1,6,30,8,0.0,0.0,0,0.0,0.0
439,1,7,31,8,0.0,0.0,0,0.0,0.0
440,1,8,32,8,0.0,0.0,0,0.0,0.0
441,1,9,33,8,0.0,0.0,0,0.0,0.0
442,1,10,34,8,0.0,0.0,0,0.0,0.0
443,1,11,35,8,0.0,0.0,0,0.0,0.0
444,1,12,36,8,0.0,0.0,0,0.0,0.0
445,1,13,37,8,0.0,0.0,0,0.0,0.0
446,1,14,38,8,0.0,0.0,0,0.0,0.0
447,1,15,39,8,0.0,0.0,0,0.0,0.0
448,1,16,40,8,0.0,0.0,0,0.0,0.0
449,1,17,41,8,0.0,0.0,0,0.0,0.0
450,1,18,42,8,0.0,0.0,0,0.0,0.0
451,1,19,43,8,0.0,0.0,0,0.0,0.0
452,1,20,44,8,0.0,0.0,0,0.0,0.0
453,1,21,45,8,0.0,0.0,0,0.0,0.0
454,1,22,46,8,0.0,0.0,0,0.0,0.0
455,1,23,47,8,0.0,0.0,0,0.0,0.0
456,1,0,24,9,0.0,0.0,0,0.0,0.0
457,1,1,25,9,0.0,0.0,0,0.0,0.0
458,1,2,26,9,0.0,0.0,0,0.0,0.0
459,1,3,27,9,0.0,0.0,0,0.0,0.0
460,1,4,28,9,0.0,0.0,0,0.0,0.0
461,1,5,29,9,0.0,0.0,0,0.0,0.0
462,1,6,30,9,0.0,0.0,0,0.0,0.0
463,1,7,31,9,0.0,0.0,0,0.0,0.0
464,1,8,32,9,0.0,0.0,0,0.0,0.0
465,1,9,33,9,0.0,0.0,0,0.0,0.0
466,1,10,34,9,0.0,0.0,0,0.0,0.0
467,1,11,35,9,0.0,0.0,0,0.0,0.0
468,1,12,36,9,0.0,0.0,0,0.0,0.0
469,1,13,37,9,0.0,0.0,0,0.0,0.0
470,1,14,38,9,0.0,0.0,0,0.0,0.0
471,1,15,39,9,0.0,0.0,0,0.0,0.0
472,1,16,40,9,0.0,0.0,0,0.0,0.0
473,1,17,41,9,0.0,0.0,0,0.0,0.0
474,1,18,42,9,0.0,0.0,0,0.0,0.0
475,1,19,43,9,0.0,0.0,0,0.0,0.0
476,1,20,44,9,0.0,0.0,0,0.0,0.0
477,1,21,45,9,0.0,0.0,0,0.0,0.0
478,1,22,46,9,0.0,0.0,0,0.0,0.0
479,1,23,47,9,0.0,0.0,0,0.0,0.0
480,2,0,48,0,-0.0,0.0,0,0.0,0.0
481,2,1,49,0,-0.0,0.0,0,0.0,0.0
482,2,2,50,0,-0.0,0.0,0,0.0,0.0
483,2,3,51,0,-0.0,0.0,0,0.0,0.0
484,2,4,52,0,-0.0,0.0,0,0.0,0.0
485,2,5,53,0,-0.0,0.0,0,0.0,0.0
486,2,6,54,0,-0.0,0.0,0,0.0,0.0
487,2,7,55,0,-0.0,0.0,0,0.0,0.0
488,2,8,56,0,-0.0,0.0,0,0.0,0.0
489,2,9,57,0,-0.0,0.0,0,0.0,0.0
490,2,10,58,0,-0.0,0.0,0,0.0,0.0
491,2,11,59,0,-0.0,0.0,0,0.0,0.0
492,2,12,60,0,-0.0,0.0,0,0.0,0.0
493,2,13,61,0,-0.0,0.0,0,0.0,0.0
494,2,14,62,0,-0.0,0.0,0,0.0,0.0
495,2,15,63,0,-0.0,0.0,0,0.0,0.0
496,2,0,48,1,0.0,0.0,0,0.0,0.0
497,2,1,49,1,0.0,0.0,0,0.0,0.0
498,2,2,50,1,0.0,0.0,0,0.0,0.0
499,2,3,51,1,0.0,0.0,0,0.0,0.0
500,2,4,52,1,0.0,0.0,0,0.0,0.0
501,2,5,53,1,0.0,0.0,0,0.0,0.0
502,2,6,54,1,0.0,0.0,0,0.0,0.0
503,2,7,55,1,0.0,0.0,0,0.0,0.0
504,2,8,56,1,0.0,0.0,0,0.0,0.0
505,2,9,57,1,0.0,0.0,0,0.0,0.0
506,2,10,58,1,0.0,0.0,0,0.0,0.0
507,2,11,59,1,0.0,0.0,0,0.0,0.0
508,2,12,60,1,0.0,0.0,0,0.0,0.0
509,2,13,61,1,0.0,0.0,0,0.0,0.0
510,2,14,62,1,0.0,0.0,0,0.0,0.0
511,2,15,63,1,0.0,0.0,0,0.0,0.0
512,2,0,48,2,0.0,0.0,0,0.0,0.0
513,2,1,49,2,0.0,0.0,0,0.0,0.0
514,2,2,50,2,0.0,0.0,0,0.0,0.0
515,2,3,51,2,0.0,0.0,0,0.0,0.0
516,2,4,52,2,0.0,0.0,0,0.0,0.0
517,2,5,53,2,0.0,0.0,0,0.0,0.0
518,2,6,54,2,0.0,0.0,0,0.0,0.0
519,2,7,55,2,0.0,0.0,0,0.0,0.0
520,2,8,56,2,0.0,0.0,0,0.0,0.0
521,2,9,57,2,0.0,0.0,0,0.0,0.0
522,2,10,58,2,0.0,0.0,0,0.0,0.0
523,2,11,59,2,0.0,0.0,0,0.0,0.0
524,2,12,60,2,0.0,0.0,0,0.0,0.0
525,2,13,61,2,0.0,0.0,0,0.0,0.0
526,2,14,62,2,0.0,0.0,0,0.0,0.0
527,2,15,63,2,0.0,0.0,0,0.0,0.0
528,2,0,48,3,0.0,0.0,0,0.0,0.0
529,2,1,49,3,0.0,0.0,0,0.0,0.0
530,2,2,50,3,0.0,0.0,0,0.0,0.0
531,2,3,51,3,0.0,0.0,0,0.0,0.0
532,2,4,52,3,0.0,0.0,0,0.0,0.0
533,2,5,53,3,0.0,0.0,0,0.0,0.0
534,2,6,54,3,0.0,0.0,0,0.0,0.0
535,2,7,55,3,0.0,0.0,0,0.0,0.0
536,2,8,56,3,0.0,0.0,0,0.0,0.0
537,2,9,57,3,0.0,0.0,0,0.0,0.0
538,2,10,58,3,0.0,0.0,0,0.0,0.0
539,2,11,59,3,0.0,0.0,0,0.0,0.0
540,2,12,60,3,0.0,0.0,0,0.0,0.0
541,2,13,61,3,0.0,0.0,0,0.0,0.0
542,2,14,62,3,0.0,0.0,0,0.0,0.0
543,2,15,63,3,0.0,0.0,0,0.0,0.0
544,2,0,48,4,0.0,0.0,0,0.0,0.0
545,2,1,49,4,0.0,0.0,0,0.0,0.0
546,2,2,50,4,0.0,0.0,0,0.0,0.0
547,2,3,51,4,0.0,0.0,0,0.0,0.0
548,2,4,52,4,0.0,0.0,0,0.0,0.0
549,2,5,53,4,0.0,0.0,0,0.0,0.0
550,2,6,54,4,0.0,0.0,0,0.0,0.0
551,2,7,55,4,0.0,0.0,0,0.0,0.0
552,2,8,56,4,0.0,0.0,0,0.0,0.0
553,2,9,57,4,0.0,0.0,0,0.0,0.0
554,2,10,58,4,0.0,0.0,0,0.0,0.0
555,2,11,59,4,0.0,0.0,0,0.0,0.0
556,2,12,60,4,0.0,0.0,0,0.0,0.0
557,2,13,61,4,0.0,0.0,0,0.0,0.0
558,2,14,62,4,0.0,0.0,0,0.0,0.0
559,2,15,63,4,0.0,0.0,0,0.0,0.0
560,2,0,48,5,0.0,0.0,0,0.0,0.0
561,2,1,49,5,0.0,0.0,0,0.0,0.0
562,2,2,50,5,0.0,0.0,0,0.0,0.0
563,2,3,51,5,0.0,0.0,0,0.0,0.0
564,2,4,52,5,0.0,0.0,0,0.0,0.0
565,2,5,53,5,0.0,0.0,0,0.0,0.0
566,2,6,54,5,0.0,0.0,0,0.0,0.0
567,2,7,55,5,0.0,0.0,0,0.0,0.0
568,2,8,56,5,0.0,0.0,0,0.0,0.0
569,2,9,57,5,0.0,0.0,0,0.0,0.0
570,2,10,58,5,0.0,0.0,0,0.0,0.0
571,2,11,59,5,0.0,0.0,0,0.0,0.0
572,2,12,60,5,0.0,0.0,0,0.0,0.0
573,2,13,61,5,0.0,0.0,0,0.0,0.0
574,2,14,62,5,0.0,0.0,0,0.0,0.0
575,2,15,63,5,0.0,0.0,0,0.0,0.0
576,2,0,48,6,0.0,0.0,0,0.0,0.0
577,2,1,49,6,0.0,0.0,0,0.0,0.0
578,2,2,50,6,0.0,0.0,0,0.0,0.0
579,2,3,51,6,0.0,0.0,0,0.0,0.0
580,2,4,52,6,0.0,0.0,0,0.0,0.0
581,2,5,53,6,0.0,0.0,0,0.0,0.0
582,2,6,54,6,0.0,0.0,0,0.0,0.0
583,2,7,55,6,0.0,0.0,0,0.0,0.0
584,2,8,56,6,0.0,0.0,0,0.0,0.0
585,2,9,57,6,0.0,0.0,0,0.0,0.0
586,2,10,58,6,0.0,0.0,0,0.0,0.0
587,2,11,59,6,0.0,0.0,0,0.0,0.0
588,2,12,60,6,0.0,0.0,0,0.0,0.0
589,2,13,61,6,0.0,0.0,0,0.0,0.0
590,2,14,62,6,0.0,0.0,0,0.0,0.0
591,2,15,63,6,0.0,0.0,0,0.0,0.0
592,2,0,48,7,0.0,0.0,0,0.0,0.0
593,2,1,49,7,0.0,0.0,0,0.0,0.0
594,2,2,50,7,0.0,0.0,0,0.0,0.0
595,2,3,51,7,0.0,0.0,0,0.0,0.0
596,2,4,52,7,0.0,0.0,0,0.0,0.0
597,2,5,53,7,0.0,0.0,0,0.0,0.0
598,2,6,54,7,0.0,0.0,0,0.0,0.0
599,2,7,55,7,0.0,0.0,0,0.0,0.0
600,2,8,56,7,0.0,0.0,0,0.0,0.0
601,2,9,57,7,0.0,0.0,0,0.0,0.0
602,2,10,58,7,0.0,0.0,0,0.0,0.0
603,2,11,59,7,0.0,0.0,0,0.0,0.0
604,2,12,60,7,0.0,0.0,0,0.0,0.0
605,2,13,61,7,0.0,0.0,0,0.0,0.0
606,2,14,62,7,0.0,0.0,0,0.0,0.0
607,2,15,63,7,0.0,0.0,0,0.0,0.0
608,2,0,48,8,0.0,0.0,0,0.0,0.0
609,2,1,49,8,0.0,0.0,0,0.0,0.0
610,2,2,50,8,0.0,0.0,0,0.0,0.0
611,2,3,51,8,0.0,0.0,0,0.0,0.0
612,2,4,52,8,0.0,0.0,0,0.0,0.0
613,2,5,53,8,0.0,0.0,0,0.0,0.0
614,2,6,54,8,0.0,0.0,0,0.0,0.0
615,2,7,55,8,0.0,0.0,0,0.0,0.0
616,2,8,56,8,0.0,0.0,0,0.0,0.0
617,2,9,57,8,0.0,0.0,0,0.0,0.0
618,2,10,58,8,0.0,0.0,0,0.0,0.0
619,2,11,59,8,0.0,0.0,0,0.0,0.0
620,2,12,60,8,0.0,0.0,0,0.0,0.0
621,2,13,61,8,0.0,0.0,0,0.0,0.0
622,2,14,62,8,0.0,0.0,0,0.0,0.0
623,2,15,63,8,0.0,0.0,0,0.0,0.0
624,2,0,48,9,0.0,0.0,0,0.0,0.0
625,2,1,49,9,0.0,0.0,0,0.0,0.0
626,2,2,50,9,0.0,0.0,0,0.0,0.0
627,2,3,51,9,0.0,0.0,0,0.0,0.0
628,2,4,52,9,0.0,0.0,0,0.0,0.0
629,2,5,53,9,0.0,0.0,0,0.0,0.0
630,2,6,54,9,0.0,0.0,0,0.0,0.0
631,2,7,55,9,0.0,0.0,0,0.0,0.0
632,2,8,56,9,0.0,0.0,0,0.0,0.0
633,2,9,57,9,0.0,0.0,0,0.0,0.0
634,2,10,58,9,0.0,0.0,0,0.0,0.0
635,2,11,59,9,0.0,0.0,0,0.0,0.0
636,2,12,60,9,0.0,0.0,0,0.0,0.0
637,2,13,61,9,0.0,0.0,0,0.0,0.0
638,2,14,62,9,0.0,0.0,0,0.0,0.0
639,2,15,63,9,0.0,0.0,0,0.0,0.0
