hp_LEARNING_RATE,hp_GAMMA,hp_BATCH_SIZE,hp_TAU,loss,episode_reward,training_iteration,avg_env_step_ms,avg_train_step_ms,gpu_time,trial_name,trial_wall_time_s
1.1118735094077367e-06,0.9925540751828525,256,0.001032476628604642,1.7608400583267212,-467.7000000000003,20,165.2119660001481,112.72784199903253,0.0,dc9bdb73,
4.035476660689156e-05,0.9837391916612921,256,0.0010619344897702457,1.7911624908447266,-409.9400000000014,2,166.82608730206266,126.86726770107634,0.0,89f8c334,
2.0935007720920735e-06,0.9959816587231185,128,0.0012892995241201295,1.7763241529464722,-373.5450000000014,2,163.86286239745095,127.09307139820886,0.0,77c94980,
1.691363867965665e-06,0.9856278878901821,128,0.004206205991680469,1.897093415260315,-391.4799999999994,2,165.34520630014595,127.63490489928516,0.0,eb0f3ce6,
3.610475157293776e-05,0.9873650513633827,256,0.0019026726930777003,0.9437868595123291,-405.9499999999997,20,163.0829048018204,111.42672129883431,0.0,4edcb649,
1.4619604784513637e-06,0.99686373541311,128,0.004155717921374997,1.8727943897247314,-385.8449999999999,2,163.2508172999369,129.1467160996981,0.0,c0e91664,
1.5269097505713728e-05,0.9897792796631423,128,0.000703908016863118,1.859520673751831,-371.53999999999996,4,166.7363840007456,129.31764030014165,0.0,a5140321,
6.580338228826449e-06,0.9868588896825852,128,0.002251162679010802,1.9064152240753174,-556.0899999999993,2,190.44712269946467,129.96547759789973,0.0,f96da08c,
2.8424237555834884e-05,0.9885172444762219,256,0.0008199162574728009,1.525182843208313,-441.08499999999947,4,159.16952319839038,112.7331349015003,0.0,720e0b7c,
9.568677657235836e-05,0.9893878574622388,128,0.000773897501211858,2.225022315979004,-595.3599999999983,2,191.73040889843833,131.11587790038902,0.0,c7d730cc,
2.0343695990012196e-06,0.9918287003987831,128,0.0025710354721211297,2.4741854667663574,-428.9499999999992,2,166.99434979748912,126.80668509937823,0.0,628969d5,
6.313894091730511e-06,0.9951071188813307,256,0.00400837960043917,1.5125412940979004,-362.0849999999993,8,165.23132649739273,116.12215820152778,0.0,4fc8c09c,
1.8604919965752076e-05,0.9946303141623748,256,0.00429693211315408,1.4683587551116943,-388.4650000000003,4,163.99698800081387,111.7324648994254,0.0,866f49e4,
8.83723292552234e-06,0.9920970886214124,128,0.004726766140118955,2.4597537517547607,-417.98,2,165.35847569978796,116.45437629928347,0.0,a1196f12,
5.5614746021287416e-05,0.9936801789734989,128,0.0006663866625217926,2.18852162361145,-424.05999999999847,2,160.3452977995621,114.25495060079265,0.0,85298c57,
5.986651405670023e-06,0.9967133055895134,256,0.0006433791487245149,2.1734890937805176,-433.18499999999943,4,168.9285533996299,113.05438019894063,0.0,4c244293,
3.8760332421772226e-05,0.9945079556731257,128,0.004926758610160039,1.8776640892028809,-462.15999999999946,4,185.55001460027415,2456.15889309824,0.0,84ee5ffc,
3.846068832479272e-06,0.9984184755215252,256,0.0013638115097089419,0.9264691472053528,-444.2349999999993,16,166.35239869833458,124.31486180133652,0.0,ef0edd6f,
1.761440795371753e-05,0.9804341239693259,256,0.0010643539505114136,2.0801029205322266,-404.8649999999988,2,165.5559548016172,125.25451929878909,0.0,c66f82a7,
2.2482152229725806e-05,0.981480475970819,256,0.0005159991522657196,1.5111994743347168,-414.614999999999,4,175.53456860035658,126.0783867004793,0.0,fd65c463,
2.6824386414428937e-05,0.9987876359454386,256,0.0019549286132156994,1.6014002561569214,-394.0999999999995,4,164.8890508004697,125.23211370094215,0.0,e0d4a85e,
2.69701566011263e-05,0.9984883262972407,256,0.002007230486337381,2.1629207134246826,-428.63999999999965,4,169.1425572001608,119.16587870067451,0.0,e0c66d39,
2.1501222020128847e-05,0.998526930678995,256,0.0021503485817759094,1.8924891948699951,-460.68999999999977,8,169.085603499203,115.63879610109143,0.0,0a934759,
3.874146772366156e-06,0.9986893066975221,256,0.0030532602422362618,1.8277437686920166,-320.44000000000074,8,151.98538270033896,116.51263209991157,0.0,a41668f7,
1.630004759906509e-05,0.9985936826000418,256,0.0020051397164931595,1.6384302377700806,-381.74000000000086,8,160.25147539936006,113.71921550040133,0.0,da205d86,
3.326610544770497e-06,0.9803624203163935,256,0.0031789184491670675,1.1055938005447388,-424.84499999999935,16,160.27715810050722,119.51985989999957,0.0,9278ae9b,
1.4475007777768031e-05,0.980021726088339,256,0.0005344146284717655,1.0153239965438843,-424.73000000000013,16,164.12223410012666,110.5763893983094,0.0,0eb7e092,
3.7754106231469115e-06,0.980885143707237,256,0.0031463369975668087,1.0085737705230713,-548.1199999999995,16,183.70351100084372,117.97437990212347,0.0,7b7cd0a1,
1.2383200558216115e-05,0.981853204717033,256,0.0005010945223259674,1.8760528564453125,-398.08500000000026,2,163.00215159670915,113.45843480015174,0.0,af8e1408,
1.1779447052420136e-05,0.9831460243745694,256,0.003229326336421266,0.8562308549880981,-388.49499999999995,20,166.4340917011723,113.85560979752336,0.0,97acad67,
3.7363135924541357e-06,0.9914655433557152,256,0.0034072475663686763,1.8050123453140259,-514.3800000000001,8,173.94224409596063,117.34017460152972,0.0,0c7f10f3,
4.9577118088602e-06,0.9944151046601383,256,0.00328708068309785,1.7408275604248047,-410.58499999999964,4,161.5197466009995,114.3415175009286,0.0,754531ec,
7.16154314489919e-05,0.9842571670620726,256,0.0014772504254747575,1.6696417331695557,-358.52999999999975,4,156.11759630322922,117.51983239711262,0.0,10c231d6,
3.717093294039333e-06,0.9854944107423513,256,0.0013705705587033499,1.5619723796844482,-432.63999999999925,2,163.71262900088914,116.26990580011625,0.0,ab012bbb,
6.959393416102594e-05,0.990284568628602,256,0.0015832098031708325,1.6265889406204224,-505.76500000000027,2,177.11531279911287,117.57540250045713,0.0,26fdec57,
7.621831082213417e-05,0.9906798475905128,256,0.0016666097666668887,1.8239083290100098,-334.23,2,154.22293940244708,110.45198919682298,0.0,6f35e8cb,
9.309785757811793e-06,0.9930122129095107,256,0.0016869502934358197,2.3504109382629395,-500.18499999999943,2,172.7087673987262,114.23507439950481,0.0,0341ffb0,
1.0140583395953037e-05,0.9879947172903296,256,0.0017149161258348204,1.6375901699066162,-382.5800000000007,4,157.43453079811297,125.87606490030883,0.0,05b47cd1,
9.663325800592622e-06,0.9880962415743008,256,0.0005086356107791426,2.2955636978149414,-372.5000000000004,2,156.48928609967697,111.2752998014912,0.0,e5dfd219,
4.219690723060379e-05,0.9823721993555334,256,0.0005099584106803287,1.6353322267532349,-466.70500000000044,2,165.12329420202877,115.36081569851376,0.0,772ca237,
4.426570883419676e-05,0.9822137244440745,256,0.0011722120506443606,0.7011458873748779,-402.6949999999998,20,167.47730080096517,120.35014759853948,0.0,63cae0ef,
4.164481082488175e-05,0.982823779190245,256,0.0009293945244527391,1.0397268533706665,-457.3399999999996,16,168.7824648981914,115.23409319994971,0.0,a5561acb,
2.856530596821813e-06,0.9839071244321246,256,0.001163755166219836,0.87562096118927,-362.8800000000001,20,159.77861520065926,115.12141849892214,0.0,b9f8d310,
2.7132294907924634e-06,0.9828085527037297,256,0.0009343161951977553,2.111988067626953,-432.13,2,167.910602597869,112.46639800001867,0.0,89256a4e,
1.0130881714397554e-06,0.9803516621411383,256,0.001172975696612863,1.6436452865600586,-474.04999999999933,2,168.43812230264302,116.71222569944803,0.0,9cbaa717,
3.0853997058947012e-06,0.9831367536718293,256,0.0009637191094965939,0.9345650672912598,-455.67499999999933,20,173.53429260058329,118.27778530074283,0.0,d13710cd,
2.334512694552021e-06,0.9838395136929842,256,0.0011922545223075555,1.4621256589889526,-315.8649999999998,4,157.80154539935756,126.32904879981652,0.0,86b2ba52,
2.8705950824628953e-06,0.98393169379863,256,0.0025179476481427764,2.001882314682007,-368.59500000000025,2,158.99038779956754,118.60864020022564,0.0,b59ccd2b,
1.3725490440448006e-06,0.9966927320215682,256,0.003106393670260928,1.653686285018921,-492.73499999999996,4,181.62531640159432,122.22989019867964,0.0,cb0e63d3,
2.101861273900445e-06,0.9807036131642358,256,0.0027199638110685974,0.8086732625961304,-441.76500000000016,20,187.85597029852215,154.12955020263325,0.0,78b1fa10,
1.4023389590892134e-06,0.9811207579691121,256,0.0028619167730260862,1.112388014793396,-423.1900000000007,16,165.8460937984055,119.90056670026388,0.0,1af6b2b0,
5.042020446669738e-06,0.9802500113673926,256,0.0026879360456916923,0.9621508121490479,-350.75499999999965,16,168.39515239954926,135.37571870244574,0.0,59120b7d,
1.2563218846013575e-05,0.985346128748283,256,0.003746693202300209,1.6116580963134766,-511.5600000000008,2,180.63880040077493,116.68992229923606,0.0,d789db18,
5.582430026189176e-06,0.9869543294958698,128,0.002676172617959547,1.1988054513931274,-428.05000000000075,16,174.93797230022028,129.86071399843786,0.0,6edda967,
7.654838453261708e-06,0.9870636118099563,128,0.0027037022066073737,1.843629002571106,-502.95000000000016,2,172.6655169002479,115.71147959923837,0.0,da1c69a7,
1.1905619420080802e-05,0.9811676799370286,256,0.0027324242713131727,0.7175172567367554,-399.1499999999996,20,175.2899316988187,124.5653408986982,0.0,c5fa03fd,
4.869019473121305e-06,0.9847078744168035,128,0.0013093005514295787,1.4177383184432983,-406.26500000000016,16,170.9273864987772,133.12656559899915,0.0,24564936,
1.7037960450881315e-06,0.9860392478961818,128,0.0012898110187217035,2.016561508178711,-352.1850000000003,2,159.87550790060777,115.70757920027245,0.0,966df91a,
1.730846254203211e-06,0.9863502272076479,256,0.0012983721531629555,1.7137902975082397,-446.7999999999997,2,172.4099920989247,116.27397450141143,0.0,4fdf9574,
1.832620497201442e-06,0.9847464544329192,128,0.0013268187949117111,2.15496826171875,-532.4950000000001,2,190.33091090235393,121.06675819901284,0.0,a0d6c31c,
5.26189670636592e-06,0.9850281683734152,256,0.0010149556722665954,1.7173388004302979,-365.7500000000002,2,161.0780410990119,115.05233630037401,0.0,63ce75e2,
5.261338300249119e-06,0.9848487155209776,256,0.0009736831683713041,1.6752159595489502,-384.1400000000007,2,180.75582729908638,157.83300430211239,0.0,b8465526,
3.1269598296405415e-05,0.9846591520295975,256,0.0007701136219923695,1.4619777202606201,-386.2050000000008,4,183.43565739912447,171.43364560161717,0.0,05819706,
4.863289068503998e-05,0.9832007484572741,256,0.0007979480890375982,1.7185100317001343,-363.1750000000002,2,185.7820025003748,151.43483710079454,0.0,bea6491b,
5.10672313274567e-05,0.9831654160574709,256,0.0007948498764179959,1.9227774143218994,-386.93499999999983,2,175.9347042987356,128.0463779993588,0.0,5cf8f84f,
3.362995760665964e-05,0.9832169815676576,256,0.0007884411131253553,2.1615734100341797,-421.22000000000025,2,172.95493929984514,131.26899500354193,0.0,4d6ef4b4,
3.3215325230669584e-05,0.9819561696388884,256,0.0011420733829480348,1.6773881912231445,-401.84000000000015,2,171.99250720022246,126.36114930338226,0.0,7628b12e,
3.246122784352691e-05,0.9818217987222684,256,0.0011312509656851058,1.889150857925415,-418.5499999999999,2,173.58999459980987,123.41729159932584,0.0,42f14807,
3.2755270241442025e-05,0.9820097141737161,256,0.0011043733879748418,1.028836727142334,-610.6799999999988,8,220.76672819792293,177.56233780109324,0.0,ecbbe1e3,
2.4189097969763514e-06,0.9821423793058061,256,0.0011617583690515848,0.7973575592041016,-400.6300000000004,20,165.83212990139145,117.92423620063346,0.0,71b3e784,
2.281712067277241e-06,0.9813494353543917,256,0.0023678308165930606,1.0972576141357422,-395.4350000000007,8,176.4604518976994,128.93963090039324,0.0,201be33a,
2.250301982449904e-06,0.9813748704557482,256,0.0023939918321705224,1.6940906047821045,-446.2199999999999,2,179.89697399921715,122.13466679945122,0.0,d7f65476,
2.5063074057376472e-06,0.9889035681781101,256,0.002394015641294472,1.5951217412948608,-474.80999999999887,4,189.17048499837983,126.61850890191273,0.0,fe6ad823,
2.2465465178990404e-06,0.9894022061294735,256,0.0023568988381991495,2.1652703285217285,-458.93500000000023,2,185.3072487016907,146.24023129965644,0.0,79686204,
2.9793364833723852e-06,0.9823958366148763,256,0.0018144951274182552,1.141533613204956,-522.6299999999995,16,188.07650510093663,124.66632879828103,0.0,34d66e61,
4.494214439330942e-06,0.9824664024503011,256,0.0018141537137785857,1.8711283206939697,-412.0750000000007,2,183.86990710010286,141.8823659978807,0.0,31a75deb,
2.662483096336182e-06,0.9808783718636255,256,0.003634857333542412,1.0471047163009644,-381.02500000000003,8,176.98266439896543,131.57108830066863,0.0,12b97b81,
2.920118428612426e-06,0.9809177944790166,256,0.0010477304988109723,1.6858407258987427,-416.8900000000003,4,179.9671126002213,136.12823689903598,0.0,d3a93412,
3.06961856109986e-06,0.9809896429653376,256,0.0014851204937777929,1.4236565828323364,-398.9350000000004,4,174.44117429840844,136.50220070115756,0.0,de66e3b7,
4.385556685995295e-06,0.9800845567357784,256,0.0035238652361624483,1.0266697406768799,-458.5450000000001,8,188.0998553019017,130.23848629859276,0.0,9113bf1f,
3.1450506592822047e-06,0.9804743019016315,256,0.0035210821946346236,1.1135692596435547,-402.16999999999973,16,178.5586139985826,146.1766485007247,0.0,50704e2e,
3.300596039904175e-06,0.9807674449003487,256,0.0014493923246969103,1.0315206050872803,-466.04,8,193.6757037024945,148.2019038008293,0.0,90d56496,
7.139099608480212e-06,0.9835483084802005,256,0.0014261963226472566,1.9199920892715454,-418.0949999999999,2,177.12263960018754,127.4663346008165,0.0,76e4dbd1,
2.3712704955834673e-05,0.9835982911773669,256,0.003832956878146461,1.6446866989135742,-560.5150000000001,2,187.6026962005999,115.66444959980436,0.0,3d16a069,
2.1841506955114142e-05,0.9978740820522036,256,0.0008981819624341608,1.5067821741104126,-432.6499999999999,8,169.42046230111737,118.24613899958786,0.0,0df24c11,
1.1758306282427504e-05,0.982458299535648,256,0.0008778126554861732,1.583055019378662,-448.1749999999992,4,183.78266699798405,130.15947560197674,0.0,dc96b97c,
9.329899221063295e-05,0.9875076699833195,256,0.0008791800902328583,1.8624461889266968,-369.5449999999995,2,161.37944390124176,114.69961029943079,0.0,4dab6f75,
1.2017755290237018e-06,0.9824465120593348,256,0.0012220236276323188,1.8751505613327026,-373.62000000000006,2,190.46915680065285,178.1145567994099,0.0,6d891378,
4.540845713470023e-06,0.9801525994391502,256,0.002926547881558929,0.7509651780128479,-384.7799999999994,20,162.46090509940404,116.51365190104116,0.0,72ef9e4d,
3.478168254120296e-06,0.9977783186990057,256,0.0029424072876407105,1.5259908437728882,-388.40000000000146,4,163.22791089920793,115.85677529964596,0.0,fb888bb3,
1.9741643446112824e-05,0.980535663365303,256,0.00291685730407682,1.9522027969360352,-461.07999999999987,2,184.77702509902883,134.72995449765585,0.0,5543caab,
2.066090324741519e-05,0.9842394365032053,256,0.002877471296823939,1.1114004850387573,-461.28500000000065,8,181.46148909814656,137.46381160034798,0.0,3456c979,
8.554435011470206e-06,0.9817463340240975,256,0.002099195572260661,1.147350549697876,-531.1050000000009,16,188.7617175015621,124.10760009847581,0.0,a2d23518,
1.4904576966844938e-05,0.9816973373146742,256,0.004474043062660549,0.8576386570930481,-403.3449999999998,20,165.6262861980358,113.2282262982335,0.0,13460c0a,
1.3992761072149e-05,0.9953489638703534,256,0.0012354129808093838,1.6275136470794678,-522.3800000000002,8,189.1400294994237,116.47496770008001,0.0,792956ec,
8.170697023223297e-06,0.9841043329535357,256,0.0015558684434228817,1.2340714931488037,-399.9650000000001,8,164.65327910194173,116.85546319920104,0.0,b74b7e91,
1.9364405525457056e-06,0.981653909942593,256,0.002083175341516091,1.9430711269378662,-492.5800000000003,2,177.01835689728614,115.86673979996704,0.0,e15e9aa8,
1.5470566801056713e-06,0.9840838114729514,256,0.001239711534397365,1.8697643280029297,-421.314999999999,2,173.5734066987643,124.81251419894397,0.0,8b6b3eb9,
8.162301246271766e-06,0.9814848796819328,256,0.0033216970694483687,1.070102572441101,-377.24999999999983,20,162.54608950193506,124.81144310161471,0.0,e8494e4f,
1.4942131549704747e-05,0.9830026330225093,256,0.0027969052433345337,1.8001112937927246,-419.09999999999945,2,171.26618880277965,125.87647109874526,0.0,4e302eb4,
8.17781103873921e-06,0.9830398167875607,256,0.004417138179565194,1.043623447418213,-437.5300000000002,8,170.8861695987871,117.79716460069176,0.0,10f9f1f2,
4.113764117743078e-06,0.98001461141367,256,0.0009945758832184855,1.144242525100708,-399.2350000000003,20,160.17894599901047,118.14752770226914,0.0,35538639,
3.8693050769385444e-06,0.9814504845216446,128,0.004408887139278676,0.9713401198387146,-460.2999999999998,16,173.4579958987888,113.56946159980725,0.0,01acb401,
4.133778117190902e-06,0.9814847041405045,128,0.004582101173426567,1.6422419548034668,-440.3050000000003,2,176.2582237974275,121.7451047002105,0.0,52c70cf1,
6.24740553435047e-06,0.9800433660389705,256,0.0022159753894078218,1.6119122505187988,-486.5749999999998,2,179.57457729999442,117.0321376984939,0.0,83c503e7,
6.431262568484282e-05,0.9821266670481568,256,0.002541694429689546,1.2973575592041016,-421.3150000000004,4,165.17859809834044,116.33399860025384,0.0,2dd82cb6,
1.0449097345717161e-05,0.9820663408361413,256,0.0025270716519603855,1.7306692600250244,-411.99000000000086,2,169.0405723011354,112.13505189702846,0.0,ecec68ca,
1.0764593333425512e-05,0.9924976213867299,256,0.0010806931592198684,1.657145619392395,-393.4449999999997,8,171.23076569952536,126.82947669760325,0.0,6011065e,
3.5774836067688083e-06,0.9811483763355702,256,0.004066926222330427,1.805312156677246,-501.6899999999995,2,183.60365200124215,125.88014860055411,0.0,7765fcd1,
3.848293392388969e-06,0.9810652255800497,256,0.00322750507386581,1.3856693506240845,-447.12000000000006,4,171.17847779998556,112.38933809881564,0.0,2c45e7e2,
2.019578988543518e-06,0.9912611594634293,256,0.0031802961737025653,1.6346206665039062,-428.4100000000002,2,168.02314459939953,117.02589010121301,0.0,28b9f5f7,
2.5301270183669077e-06,0.982682564207719,256,0.0027350681151691544,1.7735459804534912,-556.7149999999992,2,187.0964230997488,111.29216030112002,0.0,6843185b,
4.00857309720286e-06,0.9827316400291299,256,0.0010036858237614142,0.8677055835723877,-360.6000000000008,20,167.3822366996901,123.23810249834787,0.0,bc6c0755,
3.971340119214993e-06,0.9932450069105057,256,0.0009890409661190652,1.7939777374267578,-438.2299999999989,2,172.1986499017803,111.00753530021757,0.0,1329bd18,
1.6811493071337122e-05,0.9927036845525341,256,0.0013709516534562963,1.7843432426452637,-476.4300000000002,2,177.26373390154913,110.82072759780567,0.0,78b6525d,
1.7709944966590308e-05,0.9836777067601478,128,0.004937398789982707,1.6062240600585938,-432.6850000000004,2,172.97725690098014,112.93850610114168,0.0,22d1cc44,
1.1149701714480557e-05,0.9834224508466287,128,0.0010831721314482968,1.6451764106750488,-457.27500000000015,4,170.372459000675,113.35822639800608,0.0,97b1105f,
1.1685664929099737e-05,0.9834044476351784,128,0.0010800725249744591,2.0593671798706055,-413.3349999999991,4,170.0936195992399,111.478457100573,0.0,d1e598c7,
1.0545754800872797e-05,0.9804907816338319,256,0.0010878097237568408,1.1905181407928467,-427.8850000000001,8,171.41194170038216,115.53784179908689,0.0,d49276ae,
3.80072887134776e-05,0.9804957345652273,256,0.0026453195837520915,1.8430854082107544,-442.2450000000004,2,168.73210049932823,120.03112839825917,0.0,5bbdb5b3,
4.445137067318241e-05,0.9805532707552123,256,0.003012393724005746,1.8321397304534912,-395.92,2,162.6246210000245,113.09293820045423,0.0,52a807cf,
3.812971413091639e-05,0.9805813043394086,256,0.0033834421549313086,1.5873552560806274,-515.8249999999999,2,174.40361410041805,112.3115829002345,0.0,1890228d,
6.9548790309554714e-06,0.9806116638539379,256,0.003035180741913026,0.9447975158691406,-367.0349999999986,16,160.07433019962627,113.88056709861849,0.0,d12d478c,
4.6675674289066785e-05,0.9806991730693898,256,0.0011502919259605243,1.051109790802002,-387.9800000000004,8,158.22604649758432,111.77307360048871,0.0,2ad571b1,
4.9060046685330485e-06,0.9860456109652632,256,0.00389281565733789,0.9841954708099365,-386.8999999999999,16,156.67383950192016,116.47121400036849,0.0,8c1fceb0,
5.780383848331829e-06,0.9800856361006212,256,0.0011679027715315335,1.3317749500274658,-456.79499999999996,4,175.23408180009574,122.94895059871487,0.0,460a285e,
4.523846429841812e-06,0.9800396132013692,256,0.0007158624195649535,1.6977348327636719,-345.60999999999973,2,157.38214849692304,115.04516029823571,0.0,3063fd07,
9.300326931027393e-06,0.989996653967659,256,0.0011743754669916978,1.6073499917984009,-442.8849999999995,2,166.90225110121537,114.44343359943014,0.0,ec90403d,
1.2812946832059226e-05,0.9820828489089017,128,0.0038953026861037483,1.3300639390945435,-386.00000000000017,4,163.34396790154278,114.8253906002501,0.0,c795c4b1,
5.698201475129652e-06,0.9827427625828893,128,0.004283411443174844,1.3068158626556396,-494.5999999999998,8,183.16254989802837,117.13298300234601,0.0,d2f57c93,
2.7750317042195394e-06,0.9821506287463297,128,0.004319774631028941,1.8815734386444092,-484.04999999999984,2,182.90231909952126,123.5857741010841,0.0,56138772,
2.733029162697237e-06,0.9861245161228829,128,0.004402955935669005,1.315744400024414,-465.01500000000055,8,176.96465060219634,122.30872939783148,0.0,18110188,
2.5107708097554565e-06,0.9813139887572967,128,0.003955522658991612,1.685955286026001,-356.40499999999975,2,161.8421329006087,121.10534799809102,0.0,ad55d756,
6.8175560685540045e-06,0.981263488895989,128,0.0022773850905413655,1.5438907146453857,-398.0650000000003,4,172.28881959815044,124.89116760145407,0.0,8eaaf22c,
4.8187632758489026e-06,0.9827320073896736,256,0.004660721444392564,1.66666579246521,-402.3600000000003,2,167.69253800006118,110.25729530106764,0.0,7d2c10c4,
6.730494806472188e-06,0.9827871313159745,256,0.004191855014217331,1.6293911933898926,-397.6450000000007,2,163.3145761010237,110.33355720003601,0.0,a1a6af15,
3.4131414319314665e-06,0.9815887511059911,256,0.0018971176340179252,1.063317060470581,-361.19000000000017,8,154.99334339762572,120.11902750225272,0.0,786c2142,
3.2085830891740492e-06,0.9861221169472418,256,0.0019286984991123979,1.1322968006134033,-403.42500000000064,8,165.6995912018465,116.93491570081096,0.0,c6abd787,
3.382638324036006e-06,0.9817339067139089,256,0.0031198275692520226,1.270719289779663,-398.2299999999996,8,164.07601750269532,125.23018239834346,0.0,58e73d6c,
3.3335729172262684e-06,0.9817207580536211,256,0.003702118909222038,1.6285030841827393,-424.64000000000044,2,173.31533919810317,118.075413202052,0.0,bf982749,
3.3036108714092988e-06,0.9816949391477282,256,0.0030788612514715042,1.6535320281982422,-345.0899999999993,2,158.24083179992158,118.4192239016993,0.0,98db5715,
5.4574868250588074e-05,0.9810825049332647,256,0.003053534444356067,0.657028079032898,-655.5550000000006,20,96.7172492002137,51.15676169807557,0.0,c3cee603,
6.074811380012725e-05,0.9816580907272591,256,0.0009326793144954027,1.3345896005630493,-375.0950000000007,4,163.11486620095093,123.588567897561,0.0,b3ac7a18,
3.6091611381031508e-06,0.9889343452167566,256,0.0009449031957906578,2.0311150550842285,-355.4450000000001,2,155.40609110321384,112.75179229676723,0.0,768388ee,
5.814027797078757e-05,0.988580061401953,256,0.0009414335950946453,1.627493143081665,-423.9949999999992,4,156.06245860119816,99.11407229665201,0.0,71a64c6f,
2.1757035906825513e-06,0.9808480160218895,256,0.0009366616314136958,1.6444416046142578,-377.95000000000033,2,159.1809584000148,109.38018380245194,0.0,f6e963d0,
1.3673188225636072e-05,0.9809398982502981,256,0.0013694100144832153,1.825109839439392,-386.95499999999976,4,119.65034780011047,73.71951080067083,0.0,8ef6e37a,
5.3847940834161915e-05,0.9809234187214313,256,0.0026326017265654775,1.099696397781372,-426.8449999999993,8,105.55330790032167,65.65792040037923,0.0,1d909d25,
5.873691166460138e-05,0.9811188320254756,256,0.002815273070073721,1.6034069061279297,-355.584999999999,2,154.5877457013121,112.35052910028026,0.0,72ce3d26,
5.504358189413378e-05,0.9824446546515709,256,0.0010333975080508734,1.6604535579681396,-420.6399999999993,4,104.54862630157731,62.15421339974273,0.0,ac074464,
