step,total_waiting_time,total_queue,total_vehicles,ped_waiting_time,ped_queue,ped_count,reward
0,0.0,0,4,0.0,4,4,-4.0
1,0.0,0,4,0.0,0,4,-0.0
2,0.0,0,4,0.0,0,4,-0.0
3,0.0,0,8,0.0,0,4,-0.0
4,0.0,0,8,0.0,0,4,-0.0
5,0.0,0,8,0.0,0,4,-0.0
6,0.0,0,12,0.0,0,4,-0.0
7,0.0,0,12,0.0,0,4,-0.0
8,0.0,0,12,0.0,0,4,-0.0
9,0.0,0,16,0.0,0,4,-0.0
10,0.0,0,16,0.0,0,4,-0.0
11,0.0,0,16,0.0,0,4,-0.0
12,0.0,0,20,0.0,0,4,-0.0
13,0.0,0,20,0.0,0,4,-0.0
14,0.0,0,20,0.0,0,4,-0.0
15,0.0,0,24,0.0,0,4,-0.0
16,0.0,0,24,0.0,0,4,-0.0
17,0.0,0,24,0.0,0,4,-0.0
18,0.0,0,28,0.0,0,4,-0.0
19,0.0,0,28,0.0,0,4,-0.0
20,0.0,0,29,0.0,4,8,-4.0
21,0.0,0,32,0.0,0,8,-0.0
22,0.0,0,32,0.0,0,8,-0.0
23,0.0,0,32,0.0,0,8,-0.0
24,0.0,0,35,0.0,0,8,-0.0
25,0.0,0,36,0.0,0,8,-0.0
26,0.0,0,36,0.0,0,8,-0.0
27,0.0,0,39,0.0,0,8,-0.0
28,0.0,0,40,0.0,0,8,-0.0
29,0.0,0,40,0.0,0,8,-0.0
30,0.0,0,43,0.0,0,8,-0.0
31,0.0,0,44,0.0,0,8,-0.0
32,0.0,0,44,0.0,0,8,-0.0
33,0.0,0,47,0.0,0,8,-0.0
34,0.0,0,48,0.0,0,8,-0.0
35,0.0,0,48,0.0,0,8,-0.0
36,0.0,0,51,0.0,0,8,-0.0
37,0.0,0,52,0.0,0,8,-0.0
38,0.0,0,52,0.0,0,8,-0.0
39,0.0,0,54,0.0,0,8,-0.0
40,0.0,0,54,0.0,4,12,-4.0
41,1.0,1,54,0.0,0,12,-2.0
42,2.0,1,56,0.0,0,12,-3.0
43,3.0,1,57,0.0,0,12,-4.0
44,4.0,1,57,0.0,0,12,-5.0
45,0.0,0,57,0.0,0,12,-0.0
46,0.0,0,58,0.0,0,12,-0.0
47,1.0,1,58,0.0,0,12,-2.0
48,3.0,2,60,0.0,0,12,-5.0
49,6.0,3,60,0.0,0,12,-9.0
50,10.0,4,60,0.0,0,12,-14.0
51,15.0,5,61,0.0,0,12,-20.0
52,17.0,4,62,0.0,0,12,-21.0
53,21.0,4,61,0.0,0,12,-25.0
54,28.0,7,63,0.0,0,12,-35.0
55,35.0,7,64,0.0,0,12,-42.0
56,44.0,9,64,0.0,0,12,-53.0
57,53.0,9,67,0.0,0,12,-62.0
58,62.0,9,67,0.0,0,12,-71.0
59,73.0,11,67,0.0,0,12,-84.0
60,85.0,12,68,0.0,4,16,-101.0
61,95.0,11,69,0.0,0,16,-106.0
62,107.0,12,68,0.0,0,16,-119.0
63,119.0,12,69,0.0,0,16,-131.0
64,131.0,12,69,0.0,0,16,-143.0
65,143.0,12,68,0.0,0,16,-155.0
66,156.0,13,71,0.0,0,16,-169.0
67,171.0,15,71,0.0,0,16,-186.0
68,187.0,16,70,0.0,0,16,-203.0
69,203.0,16,73,0.0,0,16,-219.0
70,221.0,18,72,0.0,0,16,-239.0
71,239.0,18,71,0.0,0,16,-257.0
72,257.0,18,74,0.0,0,16,-275.0
73,276.0,19,75,0.0,0,16,-295.0
74,291.0,19,75,0.0,0,16,-310.0
75,310.0,19,77,0.0,0,16,-329.0
76,329.0,19,78,0.0,0,16,-348.0
77,350.0,21,78,0.0,0,16,-371.0
78,372.0,22,80,0.0,0,16,-394.0
79,394.0,22,80,0.0,0,16,-416.0
80,418.0,24,79,0.0,4,20,-446.0
81,443.0,25,82,0.0,0,20,-468.0
82,468.0,25,82,0.0,0,20,-493.0
83,496.0,28,81,0.0,0,20,-524.0
84,524.0,28,83,0.0,0,20,-552.0
85,552.0,28,83,0.0,0,20,-580.0
86,580.0,28,83,0.0,0,20,-608.0
87,602.0,28,86,0.0,0,20,-630.0
88,624.0,27,87,0.0,0,20,-651.0
89,653.0,29,87,0.0,0,20,-682.0
90,443.0,24,84,0.0,0,20,-467.0
91,287.0,21,85,0.0,0,20,-308.0
92,176.0,16,85,0.0,0,20,-192.0
93,85.0,13,85,0.0,0,20,-98.0
94,52.0,10,84,0.0,0,20,-62.0
95,29.0,7,85,0.0,0,20,-36.0
96,25.0,6,83,0.0,0,20,-31.0
97,32.0,8,84,0.0,0,20,-40.0
98,36.0,9,80,0.0,0,20,-45.0
99,42.0,8,83,0.0,0,20,-50.0
100,52.0,10,82,0.0,4,24,-66.0
101,63.0,11,80,0.0,0,24,-74.0
102,77.0,14,82,0.0,0,24,-91.0
103,91.0,14,82,0.0,0,24,-105.0
104,108.0,17,81,0.0,0,24,-125.0
105,126.0,18,83,0.0,0,24,-144.0
106,146.0,20,83,0.0,0,24,-166.0
107,168.0,22,82,0.0,0,24,-190.0
108,178.0,23,84,0.0,0,24,-201.0
109,190.0,24,84,0.0,0,24,-214.0
110,202.0,24,84,0.0,0,24,-226.0
111,201.0,23,86,0.0,0,24,-224.0
112,204.0,23,85,0.0,0,24,-227.0
113,217.0,24,84,0.0,0,24,-241.0
114,231.0,24,86,0.0,0,24,-255.0
115,246.0,24,85,0.0,0,24,-270.0
116,261.0,24,84,0.0,0,24,-285.0
117,285.0,24,86,0.0,0,24,-309.0
118,300.0,24,87,0.0,0,24,-324.0
119,315.0,23,85,0.0,0,24,-338.0
120,331.0,23,88,0.0,4,28,-358.0
121,354.0,24,89,0.0,0,28,-378.0
122,378.0,24,87,0.0,0,28,-402.0
123,403.0,25,90,0.0,0,28,-428.0
124,429.0,26,91,0.0,0,28,-455.0
125,456.0,27,89,0.0,0,28,-483.0
126,481.0,27,91,0.0,0,28,-508.0
127,506.0,26,91,0.0,0,28,-532.0
128,533.0,27,91,0.0,0,28,-560.0
129,562.0,29,93,0.0,0,28,-591.0
130,592.0,30,93,0.0,0,28,-622.0
131,623.0,31,93,0.0,0,28,-654.0
132,655.0,32,96,0.0,0,28,-687.0
133,687.0,32,97,0.0,0,28,-719.0
134,719.0,32,97,0.0,0,28,-751.0
135,537.0,30,94,0.0,0,28,-567.0
136,378.0,26,95,0.0,0,28,-404.0
137,279.0,22,95,0.0,0,28,-301.0
138,199.0,19,95,0.0,0,28,-218.0
139,140.0,16,95,0.0,0,28,-156.0
140,97.0,14,94,0.0,4,32,-115.0
141,66.0,14,95,0.0,0,32,-80.0
142,70.0,16,94,0.0,0,32,-86.0
143,76.0,17,93,0.0,0,32,-93.0
144,88.0,18,94,0.0,0,32,-106.0
145,108.0,20,94,0.0,0,32,-128.0
146,131.0,23,92,0.0,0,32,-154.0
147,158.0,27,94,0.0,0,32,-185.0
148,185.0,27,95,0.0,0,32,-212.0
149,214.0,29,93,0.0,0,32,-243.0
150,244.0,30,96,0.0,0,32,-274.0
151,275.0,31,96,0.0,0,32,-306.0
152,311.0,36,93,0.0,0,32,-347.0
153,347.0,36,96,0.0,0,32,-383.0
154,383.0,36,95,0.0,0,32,-419.0
155,419.0,36,95,0.0,0,32,-455.0
156,456.0,37,96,0.0,0,32,-493.0
157,495.0,39,96,0.0,0,32,-534.0
158,534.0,39,96,0.0,0,32,-573.0
159,573.0,39,97,0.0,0,32,-612.0
160,615.0,42,97,0.0,4,36,-661.0
161,657.0,42,98,0.0,0,36,-699.0
162,677.0,41,99,0.0,0,36,-718.0
163,698.0,41,99,0.0,0,36,-739.0
164,719.0,41,99,0.0,0,36,-760.0
165,740.0,40,101,0.0,0,36,-780.0
166,760.0,39,100,0.0,0,36,-799.0
167,797.0,40,99,0.0,0,36,-837.0
168,838.0,41,101,0.0,0,36,-879.0
169,852.0,43,102,0.0,0,36,-895.0
170,864.0,42,101,0.0,0,36,-906.0
171,875.0,40,103,0.0,0,36,-915.0
172,888.0,39,104,0.0,0,36,-927.0
173,902.0,40,103,0.0,0,36,-942.0
174,919.0,42,106,0.0,0,36,-961.0
175,936.0,41,106,0.0,0,36,-977.0
176,955.0,43,105,0.0,0,36,-998.0
177,978.0,43,105,0.0,0,36,-1021.0
178,1022.0,44,106,0.0,0,36,-1066.0
179,1054.0,44,106,0.0,0,36,-1098.0
180,842.0,39,104,0.0,4,40,-885.0
181,664.0,33,104,0.0,0,40,-697.0
182,536.0,29,104,0.0,0,40,-565.0
183,459.0,27,105,0.0,0,40,-486.0
184,398.0,23,104,0.0,0,40,-421.0
185,342.0,20,104,0.0,0,40,-362.0
186,304.0,23,104,0.0,0,40,-327.0
187,285.0,23,104,0.0,0,40,-308.0
188,269.0,26,102,0.0,0,40,-295.0
189,256.0,27,103,0.0,0,40,-283.0
190,245.0,29,103,0.0,0,40,-274.0
191,237.0,31,100,0.0,0,40,-268.0
192,235.0,33,101,0.0,0,40,-268.0
193,269.0,34,102,0.0,0,40,-303.0
194,278.0,34,101,0.0,0,40,-312.0
195,294.0,37,102,0.0,0,40,-331.0
196,312.0,38,103,0.0,0,40,-350.0
197,352.0,40,102,0.0,0,40,-392.0
198,392.0,41,104,0.0,0,40,-433.0
199,434.0,42,104,0.0,0,40,-476.0
200,478.0,44,103,0.0,4,44,-526.0
201,507.0,44,104,0.0,0,44,-551.0
202,535.0,44,103,0.0,0,44,-579.0
203,566.0,46,103,0.0,0,44,-612.0
204,598.0,46,105,0.0,0,44,-644.0
205,612.0,46,107,0.0,0,44,-658.0
206,626.0,46,106,0.0,0,44,-672.0
207,655.0,46,106,0.0,0,44,-701.0
208,671.0,46,108,0.0,0,44,-717.0
209,684.0,44,106,0.0,0,44,-728.0
210,697.0,44,108,0.0,0,44,-741.0
211,711.0,43,108,0.0,0,44,-754.0
212,739.0,42,108,0.0,0,44,-781.0
213,769.0,42,110,0.0,0,44,-811.0
214,801.0,43,109,0.0,0,44,-844.0
215,832.0,42,109,0.0,0,44,-874.0
216,875.0,43,108,0.0,0,44,-918.0
217,905.0,42,110,0.0,0,44,-947.0
218,937.0,43,108,0.0,0,44,-980.0
219,968.0,42,110,0.0,0,44,-1010.0
220,999.0,41,111,0.0,4,48,-1044.0
221,1031.0,42,110,0.0,0,48,-1073.0
222,1073.0,42,112,0.0,0,48,-1115.0
223,1105.0,41,114,0.0,0,48,-1146.0
224,1148.0,43,114,0.0,0,48,-1191.0
225,937.0,38,111,0.0,0,48,-975.0
226,754.0,33,112,0.0,0,48,-787.0
227,597.0,29,112,0.0,0,48,-626.0
228,474.0,26,112,0.0,0,48,-500.0
229,377.0,22,112,0.0,0,48,-399.0
230,306.0,23,112,0.0,0,48,-329.0
231,237.0,21,111,0.0,0,48,-258.0
232,186.0,22,112,0.0,0,48,-208.0
233,176.0,23,110,0.0,0,48,-199.0
234,181.0,25,110,0.0,0,48,-206.0
235,165.0,25,110,0.0,0,48,-190.0
236,165.0,28,108,0.0,0,48,-193.0
237,171.0,27,109,0.0,0,48,-198.0
238,201.0,30,110,0.0,0,48,-231.0
239,212.0,29,109,0.0,0,48,-241.0
240,230.0,33,110,0.0,4,52,-267.0
241,257.0,33,110,0.0,0,52,-290.0
242,286.0,35,110,0.0,0,52,-321.0
243,315.0,36,111,0.0,0,52,-351.0
244,349.0,39,113,0.0,0,52,-388.0
245,369.0,39,112,0.0,0,52,-408.0
246,392.0,41,112,0.0,0,52,-433.0
247,417.0,42,114,0.0,0,52,-459.0
248,442.0,42,113,0.0,0,52,-484.0
249,475.0,46,116,0.0,0,52,-521.0
250,505.0,46,115,0.0,0,52,-551.0
251,542.0,48,114,0.0,0,52,-590.0
252,578.0,47,116,0.0,0,52,-625.0
253,620.0,51,116,0.0,0,52,-671.0
254,673.0,53,116,0.0,0,52,-726.0
255,717.0,54,118,0.0,0,52,-771.0
256,761.0,54,117,0.0,0,52,-815.0
257,794.0,54,117,0.0,0,52,-848.0
258,829.0,54,117,0.0,0,52,-883.0
259,862.0,52,119,0.0,0,52,-914.0
260,907.0,54,118,0.0,4,56,-965.0
261,953.0,54,119,0.0,0,56,-1007.0
262,999.0,54,120,0.0,0,56,-1053.0
263,1046.0,55,120,0.0,0,56,-1101.0
264,1094.0,55,121,0.0,0,56,-1149.0
265,1143.0,56,122,0.0,0,56,-1199.0
266,1179.0,56,122,0.0,0,56,-1235.0
267,1217.0,57,124,0.0,0,56,-1274.0
268,1258.0,58,126,0.0,0,56,-1316.0
269,1301.0,59,126,0.0,0,56,-1360.0
270,1084.0,52,122,0.0,0,56,-1136.0
271,910.0,48,124,0.0,0,56,-958.0
272,762.0,44,124,0.0,0,56,-806.0
273,660.0,40,123,0.0,0,56,-700.0
274,598.0,40,124,0.0,0,56,-638.0
275,539.0,38,125,0.0,0,56,-577.0
276,509.0,38,122,0.0,0,56,-547.0
277,490.0,41,124,0.0,0,56,-531.0
278,485.0,42,122,0.0,0,56,-527.0
279,490.0,44,123,0.0,0,56,-534.0
280,487.0,44,122,0.0,4,60,-535.0
281,486.0,46,121,0.0,0,60,-532.0
282,486.0,46,122,0.0,0,60,-532.0
283,535.0,49,122,0.0,0,60,-584.0
284,538.0,50,121,0.0,0,60,-588.0
285,540.0,49,122,0.0,0,60,-589.0
286,545.0,50,121,0.0,0,60,-595.0
287,551.0,51,119,0.0,0,60,-602.0
288,560.0,50,122,0.0,0,60,-610.0
289,566.0,50,122,0.0,0,60,-616.0
290,619.0,53,119,0.0,0,60,-672.0
291,636.0,52,122,0.0,0,60,-688.0
292,659.0,53,122,0.0,0,60,-712.0
293,677.0,55,122,0.0,0,60,-732.0
294,703.0,54,124,0.0,0,60,-757.0
295,736.0,54,123,0.0,0,60,-790.0
296,772.0,54,123,0.0,0,60,-826.0
297,809.0,54,124,0.0,0,60,-863.0
298,846.0,53,125,0.0,0,60,-899.0
299,885.0,54,124,0.0,0,60,-939.0
300,924.0,53,126,0.0,4,64,-981.0
301,981.0,57,127,0.0,0,64,-1038.0
302,1023.0,57,127,0.0,0,64,-1080.0
303,1066.0,58,129,0.0,0,64,-1124.0
304,1112.0,59,130,0.0,0,64,-1171.0
305,1161.0,61,129,0.0,0,64,-1222.0
306,1210.0,61,131,0.0,0,64,-1271.0
307,1262.0,64,132,0.0,0,64,-1326.0
308,1316.0,65,131,0.0,0,64,-1381.0
309,1384.0,68,134,0.0,0,64,-1452.0
310,1430.0,68,135,0.0,0,64,-1498.0
311,1469.0,67,134,0.0,0,64,-1536.0
312,1510.0,67,137,0.0,0,64,-1577.0
313,1551.0,65,138,0.0,0,64,-1616.0
314,1594.0,65,138,0.0,0,64,-1659.0
315,1388.0,61,135,0.0,0,64,-1449.0
316,1191.0,54,136,0.0,0,64,-1245.0
317,1038.0,49,136,0.0,0,64,-1087.0
318,906.0,47,137,0.0,0,64,-953.0
319,802.0,40,136,0.0,0,64,-842.0
320,725.0,40,136,0.0,4,68,-769.0
321,662.0,38,135,0.0,0,68,-700.0
322,657.0,43,136,0.0,0,68,-700.0
323,605.0,41,134,0.0,0,68,-646.0
324,558.0,40,135,0.0,0,68,-598.0
325,556.0,41,133,0.0,0,68,-597.0
326,522.0,43,133,0.0,0,68,-565.0
327,490.0,43,133,0.0,0,68,-533.0
328,510.0,47,132,0.0,0,68,-557.0
329,494.0,48,131,0.0,0,68,-542.0
330,497.0,48,133,0.0,0,68,-545.0
331,507.0,52,133,0.0,0,68,-559.0
332,520.0,55,132,0.0,0,68,-575.0
333,542.0,57,134,0.0,0,68,-599.0
334,571.0,58,134,0.0,0,68,-629.0
335,610.0,58,133,0.0,0,68,-668.0
336,670.0,60,135,0.0,0,68,-730.0
337,723.0,62,135,0.0,0,68,-785.0
338,789.0,66,135,0.0,0,68,-855.0
339,858.0,69,138,0.0,0,68,-927.0
340,933.0,75,139,0.0,4,72,-1012.0
341,1010.0,78,139,0.0,0,72,-1088.0
342,1068.0,80,142,0.0,0,72,-1148.0
343,1126.0,80,142,0.0,0,72,-1206.0
344,1187.0,81,142,0.0,0,72,-1268.0
345,1244.0,81,145,0.0,0,72,-1325.0
346,1301.0,81,144,0.0,0,72,-1382.0
347,1358.0,82,144,0.0,0,72,-1440.0
348,1421.0,82,145,0.0,0,72,-1503.0
349,1485.0,82,145,0.0,0,72,-1567.0
350,1550.0,83,144,0.0,0,72,-1633.0
351,1633.0,83,145,0.0,0,72,-1716.0
352,1697.0,84,146,0.0,0,72,-1781.0
353,1761.0,84,145,0.0,0,72,-1845.0
354,1791.0,82,146,0.0,0,72,-1873.0
355,1820.0,81,147,1.0,1,72,-1903.0
356,1848.0,79,147,2.0,1,72,-1930.0
357,1876.0,77,149,3.0,1,72,-1957.0
358,1908.0,76,151,4.0,1,72,-1989.0
359,1940.0,76,151,5.0,1,72,-2022.0
360,1724.0,70,147,0.0,4,76,-1798.0
361,1545.0,67,149,0.0,0,76,-1612.0
362,1377.0,63,149,0.0,0,76,-1440.0
363,1258.0,62,147,0.0,0,76,-1320.0
364,1146.0,56,149,0.0,0,76,-1202.0
365,1060.0,56,149,0.0,0,76,-1116.0
366,986.0,54,148,0.0,0,76,-1040.0
367,920.0,56,150,0.0,0,76,-976.0
368,890.0,54,149,0.0,0,76,-944.0
369,836.0,57,149,1.0,1,76,-895.0
370,786.0,56,150,2.0,1,76,-845.0
371,749.0,56,150,3.0,1,76,-809.0
372,738.0,56,151,4.0,1,76,-799.0
373,754.0,59,153,5.0,1,76,-819.0
374,753.0,59,152,7.0,2,76,-821.0
375,787.0,61,153,7.0,1,76,-856.0
376,788.0,62,155,8.0,1,76,-859.0
377,798.0,65,153,9.0,1,76,-873.0
378,808.0,66,155,10.0,1,76,-885.0
379,826.0,69,157,11.0,1,76,-907.0
380,853.0,74,156,12.0,5,80,-944.0
381,911.0,74,157,13.0,1,80,-999.0
382,935.0,77,157,14.0,1,80,-1027.0
383,957.0,77,157,15.0,1,80,-1050.0
384,980.0,78,159,16.0,1,80,-1075.0
385,978.0,75,160,17.0,1,80,-1071.0
386,982.0,76,158,18.0,1,80,-1077.0
387,984.0,73,159,19.0,1,80,-1077.0
388,1033.0,74,160,20.0,1,80,-1128.0
389,1048.0,76,158,21.0,1,80,-1146.0
390,1107.0,77,159,22.0,1,80,-1207.0
391,1142.0,76,160,23.0,1,80,-1242.0
392,1208.0,76,157,24.0,1,80,-1309.0
393,1257.0,74,158,25.0,1,80,-1357.0
394,1307.0,75,160,26.0,1,80,-1409.0
395,1361.0,76,159,27.0,1,80,-1465.0
396,1420.0,77,160,28.0,1,80,-1526.0
397,1492.0,77,159,29.0,1,80,-1599.0
398,1557.0,80,159,30.0,1,80,-1668.0
399,1616.0,79,160,31.0,1,80,-1727.0
400,1680.0,83,160,32.0,5,84,-1800.0
401,1739.0,81,160,33.0,1,84,-1854.0
402,1805.0,83,162,34.0,1,84,-1923.0
403,1860.0,80,164,35.0,1,84,-1976.0
404,1925.0,84,164,36.0,1,84,-2046.0
405,1723.0,78,160,0.0,0,84,-1801.0
406,1560.0,74,162,0.0,0,84,-1634.0
407,1398.0,73,162,0.0,0,84,-1471.0
408,1265.0,66,161,0.0,0,84,-1331.0
409,1148.0,63,162,0.0,0,84,-1211.0
410,1073.0,60,162,0.0,0,84,-1133.0
411,1017.0,60,161,0.0,0,84,-1077.0
412,956.0,56,162,0.0,0,84,-1012.0
413,916.0,55,161,0.0,0,84,-971.0
414,862.0,52,161,0.0,0,84,-914.0
415,862.0,53,163,0.0,0,84,-915.0
416,866.0,55,161,0.0,0,84,-921.0
417,824.0,54,162,0.0,0,84,-878.0
418,785.0,55,163,0.0,0,84,-840.0
419,760.0,57,161,0.0,0,84,-817.0
420,813.0,58,162,0.0,4,88,-875.0
421,790.0,60,163,1.0,1,88,-852.0
422,763.0,60,161,3.0,2,88,-828.0
423,737.0,59,162,5.0,2,88,-803.0
424,718.0,64,163,7.0,2,88,-791.0
425,705.0,63,161,9.0,2,88,-779.0
426,692.0,66,162,11.0,2,88,-771.0
427,704.0,64,164,13.0,2,88,-783.0
428,711.0,67,161,15.0,2,88,-795.0
429,732.0,64,163,17.0,2,88,-815.0
430,775.0,67,164,19.0,2,88,-863.0
431,830.0,71,163,21.0,2,88,-924.0
432,887.0,72,165,23.0,2,88,-984.0
433,945.0,74,165,25.0,2,88,-1046.0
434,1004.0,76,165,27.0,2,88,-1109.0
435,1070.0,79,166,29.0,2,88,-1180.0
436,1152.0,84,168,32.0,3,88,-1271.0
437,1226.0,87,168,37.0,5,88,-1355.0
438,1301.0,88,169,42.0,5,88,-1436.0
439,1380.0,91,171,47.0,5,88,-1523.0
440,1465.0,95,170,52.0,9,92,-1621.0
441,1549.0,100,173,57.0,5,92,-1711.0
442,1630.0,99,173,62.0,5,92,-1796.0
443,1717.0,101,173,67.0,5,92,-1890.0
444,1785.0,105,176,72.0,5,92,-1967.0
445,1866.0,105,175,77.0,5,92,-2053.0
446,1935.0,106,175,82.0,5,92,-2128.0
447,2006.0,106,178,87.0,5,92,-2204.0
448,2076.0,106,179,92.0,5,92,-2279.0
449,2136.0,105,179,97.0,5,92,-2343.0
450,1940.0,100,176,0.0,0,92,-2040.0
451,1779.0,94,177,0.0,0,92,-1873.0
452,1643.0,89,177,0.0,0,92,-1732.0
453,1545.0,86,175,0.0,0,92,-1631.0
454,1483.0,85,177,0.0,0,92,-1568.0
455,1424.0,84,177,0.0,0,92,-1508.0
456,1367.0,85,175,0.0,0,92,-1452.0
457,1322.0,85,177,0.0,0,92,-1407.0
458,1280.0,83,175,0.0,0,92,-1363.0
459,1256.0,87,177,0.0,0,92,-1343.0
460,1275.0,88,178,0.0,4,96,-1367.0
461,1259.0,92,178,0.0,0,96,-1351.0
462,1264.0,94,179,0.0,0,96,-1358.0
463,1360.0,97,181,0.0,0,96,-1457.0
464,1325.0,98,180,0.0,0,96,-1423.0
465,1315.0,101,182,0.0,0,96,-1416.0
466,1318.0,103,184,0.0,0,96,-1421.0
467,1296.0,101,184,0.0,0,96,-1397.0
468,1294.0,102,184,0.0,0,96,-1396.0
469,1313.0,100,186,0.0,0,96,-1413.0
470,1298.0,102,186,0.0,0,96,-1400.0
471,1302.0,101,186,0.0,0,96,-1403.0
472,1318.0,99,188,0.0,0,96,-1417.0
473,1308.0,99,185,0.0,0,96,-1407.0
474,1327.0,97,187,2.0,2,96,-1428.0
475,1334.0,95,188,0.0,0,96,-1429.0
476,1372.0,96,187,0.0,0,96,-1468.0
477,1362.0,90,188,0.0,0,96,-1452.0
478,1374.0,92,189,0.0,0,96,-1466.0
479,1383.0,92,188,0.0,0,96,-1475.0
480,1393.0,92,187,0.0,4,100,-1489.0
481,1403.0,87,189,0.0,0,100,-1490.0
482,1423.0,91,188,0.0,0,100,-1514.0
483,1463.0,92,187,0.0,0,100,-1555.0
484,1511.0,92,188,0.0,0,100,-1603.0
485,1594.0,97,188,0.0,0,100,-1691.0
486,1648.0,94,188,0.0,0,100,-1742.0
487,1727.0,96,188,0.0,0,100,-1823.0
488,1792.0,99,187,0.0,0,100,-1891.0
489,1876.0,100,188,0.0,0,100,-1976.0
490,1963.0,102,189,0.0,0,100,-2065.0
491,2052.0,102,188,0.0,0,100,-2154.0
492,2152.0,103,190,4.0,4,100,-2263.0
493,2223.0,102,192,11.0,7,100,-2343.0
494,2303.0,103,192,19.0,8,100,-2433.0
495,2128.0,97,188,2.0,1,100,-2228.0
496,1983.0,96,190,3.0,1,100,-2083.0
497,1860.0,91,191,4.0,1,100,-1956.0
498,1757.0,89,190,6.0,2,100,-1854.0
499,1656.0,86,190,6.0,1,100,-1749.0
500,1571.0,86,191,7.0,5,104,-1669.0
501,1485.0,82,188,8.0,1,104,-1576.0
502,1411.0,84,190,9.0,1,104,-1505.0
503,1373.0,84,191,10.0,1,104,-1468.0
504,1369.0,85,190,11.0,1,104,-1466.0
505,1399.0,89,191,12.0,1,104,-1501.0
506,1350.0,86,192,13.0,1,104,-1450.0
507,1319.0,89,192,14.0,1,104,-1423.0
508,1289.0,91,194,15.0,1,104,-1396.0
509,1267.0,92,195,16.0,1,104,-1376.0
510,1290.0,92,196,17.0,1,104,-1400.0
511,1313.0,93,196,18.0,1,103,-1425.0
512,1291.0,91,197,19.0,1,103,-1402.0
513,1285.0,92,198,20.0,1,103,-1398.0
514,1279.0,91,199,21.0,1,103,-1392.0
515,1266.0,94,200,22.0,1,102,-1383.0
516,1233.0,92,200,23.0,1,102,-1349.0
517,1242.0,94,198,24.0,1,102,-1361.0
518,1218.0,89,200,25.0,1,102,-1333.0
519,1238.0,90,200,26.0,1,102,-1355.0
520,1220.0,91,198,27.0,5,106,-1343.0
521,1194.0,88,200,28.0,1,106,-1311.0
522,1177.0,89,200,29.0,1,106,-1296.0
523,1203.0,91,200,30.0,1,106,-1325.0
524,1228.0,93,202,31.0,1,106,-1353.0
525,1228.0,94,202,33.0,2,106,-1357.0
526,1224.0,93,202,36.0,3,106,-1356.0
527,1254.0,91,204,39.0,3,106,-1387.0
528,1280.0,98,205,42.0,3,106,-1423.0
529,1311.0,97,205,45.0,3,106,-1456.0
530,1352.0,97,206,48.0,3,106,-1500.0
531,1403.0,99,206,51.0,3,106,-1556.0
532,1471.0,100,207,54.0,3,106,-1628.0
533,1557.0,103,207,57.0,3,106,-1720.0
534,1629.0,104,208,60.0,3,106,-1796.0
535,1710.0,103,208,63.0,3,106,-1879.0
536,1795.0,106,209,66.0,3,106,-1970.0
537,1887.0,108,210,69.0,3,106,-2067.0
538,1982.0,106,212,72.0,3,106,-2163.0
539,2077.0,110,213,75.0,3,106,-2265.0
540,1926.0,109,208,0.0,4,110,-2039.0
541,1804.0,105,210,0.0,0,110,-1909.0
542,1702.0,104,211,0.0,0,110,-1806.0
543,1653.0,102,209,0.0,0,110,-1755.0
544,1615.0,103,210,0.0,0,110,-1718.0
545,1587.0,101,211,0.0,0,110,-1688.0
546,1584.0,100,208,0.0,0,110,-1684.0
547,1564.0,100,211,0.0,0,110,-1664.0
548,1565.0,101,210,0.0,0,110,-1666.0
549,1572.0,102,211,0.0,0,110,-1674.0
550,1625.0,104,214,0.0,0,110,-1729.0
551,1647.0,105,212,0.0,0,110,-1752.0
552,1717.0,109,212,0.0,0,110,-1826.0
553,1751.0,112,214,0.0,0,110,-1863.0
554,1790.0,117,214,0.0,0,110,-1907.0
555,1873.0,121,214,1.0,1,110,-1996.0
556,1948.0,123,216,0.0,0,109,-2071.0
557,1938.0,122,216,0.0,0,109,-2060.0
558,1936.0,124,215,0.0,0,109,-2060.0
559,1936.0,125,218,0.0,0,109,-2061.0
560,1978.0,128,217,0.0,4,113,-2110.0
561,1995.0,128,215,0.0,0,113,-2123.0
562,2004.0,130,218,0.0,0,113,-2134.0
563,2017.0,130,216,0.0,0,113,-2147.0
564,2040.0,134,216,1.0,1,113,-2176.0
565,2174.0,136,218,4.0,3,113,-2317.0
566,2234.0,139,217,2.0,1,113,-2376.0
567,2223.0,139,216,4.0,2,113,-2368.0
568,2221.0,139,219,6.0,2,113,-2368.0
569,2215.0,141,220,8.0,2,113,-2366.0
570,2245.0,139,219,10.0,2,113,-2396.0
571,2191.0,139,222,12.0,2,113,-2344.0
572,2184.0,138,221,14.0,2,112,-2338.0
573,2250.0,142,221,16.0,2,112,-2410.0
574,2210.0,138,223,18.0,2,112,-2368.0
575,2218.0,138,222,20.0,2,112,-2378.0
576,2181.0,135,225,22.0,2,112,-2340.0
577,2141.0,132,222,24.0,2,112,-2299.0
578,2175.0,135,223,26.0,2,112,-2338.0
579,2124.0,134,224,28.0,2,112,-2288.0
580,2131.0,133,225,30.0,6,116,-2300.0
581,2106.0,130,227,32.0,2,116,-2270.0
582,2166.0,137,228,34.0,2,116,-2339.0
583,2246.0,139,229,38.0,4,116,-2427.0
584,2266.0,141,231,42.0,4,116,-2453.0
585,2109.0,136,226,6.0,2,116,-2253.0
586,1993.0,127,227,8.0,2,116,-2130.0
587,1834.0,123,229,10.0,2,116,-1969.0
588,1706.0,118,228,12.0,2,116,-1838.0
589,1601.0,117,229,14.0,2,116,-1734.0
590,1463.0,112,230,16.0,2,116,-1593.0
591,1434.0,111,229,18.0,2,116,-1565.0
592,1329.0,108,229,20.0,2,116,-1459.0
593,1168.0,100,230,22.0,2,116,-1292.0
594,1146.0,104,230,24.0,2,116,-1276.0
595,1149.0,102,229,26.0,2,116,-1279.0
596,1108.0,104,232,28.0,2,115,-1242.0
597,1114.0,106,231,30.0,2,115,-1252.0
598,1013.0,108,232,32.0,2,115,-1155.0
599,986.0,108,232,34.0,2,115,-1130.0
600,990.0,112,233,36.0,6,119,-1144.0
601,1002.0,115,232,38.0,2,119,-1157.0
602,997.0,115,234,40.0,2,119,-1154.0
603,1038.0,119,234,42.0,2,119,-1201.0
604,989.0,117,234,44.0,2,119,-1152.0
605,996.0,116,234,47.0,3,119,-1162.0
606,1040.0,121,235,48.0,2,119,-1211.0
607,1046.0,116,233,50.0,2,119,-1214.0
608,1082.0,118,234,52.0,2,119,-1254.0
609,1172.0,120,235,54.0,2,118,-1348.0
610,1196.0,119,235,56.0,2,118,-1373.0
611,1231.0,119,238,58.0,2,118,-1410.0
612,1284.0,123,238,60.0,2,118,-1469.0
613,1321.0,122,238,62.0,2,118,-1507.0
614,1364.0,122,239,64.0,2,118,-1552.0
615,1398.0,122,240,66.0,2,118,-1588.0
616,1443.0,122,240,68.0,2,118,-1635.0
617,1517.0,120,242,70.0,2,118,-1709.0
618,1574.0,121,240,72.0,2,118,-1769.0
619,1632.0,123,241,74.0,2,118,-1831.0
620,1709.0,123,243,76.0,6,122,-1914.0
621,1789.0,126,241,80.0,4,122,-1999.0
622,1859.0,125,242,82.0,3,122,-2069.0
623,1911.0,123,244,83.0,3,122,-2120.0
624,1999.0,129,244,87.0,4,122,-2219.0
625,2062.0,127,244,91.0,4,122,-2284.0
626,2148.0,127,246,95.0,4,122,-2374.0
627,2235.0,128,247,99.0,4,122,-2466.0
628,2319.0,131,248,103.0,4,122,-2557.0
629,2387.0,131,250,107.0,4,122,-2629.0
630,2201.0,128,245,0.0,0,122,-2329.0
631,2056.0,126,246,0.0,0,122,-2182.0
632,1936.0,124,248,0.0,0,122,-2060.0
633,1834.0,121,246,0.0,0,122,-1955.0
634,1749.0,122,246,0.0,0,122,-1871.0
635,1714.0,126,249,0.0,0,122,-1840.0
636,1666.0,120,246,0.0,0,121,-1786.0
637,1670.0,124,247,2.0,2,121,-1798.0
638,1724.0,124,246,4.0,2,121,-1854.0
639,1741.0,126,247,6.0,2,121,-1875.0
640,1785.0,131,248,8.0,6,125,-1930.0
641,1800.0,135,248,10.0,2,125,-1947.0
642,1805.0,137,248,12.0,2,125,-1956.0
643,1818.0,144,250,14.0,2,125,-1978.0
644,1831.0,142,250,16.0,2,125,-1991.0
645,1865.0,143,250,18.0,2,125,-2028.0
646,1928.0,153,251,20.0,2,125,-2103.0
647,1968.0,157,254,22.0,2,125,-2149.0
648,2002.0,157,254,24.0,2,125,-2185.0
649,2082.0,164,256,26.0,2,125,-2274.0
650,2117.0,166,258,28.0,2,125,-2313.0
651,2229.0,168,257,30.0,2,125,-2429.0
652,2315.0,169,260,32.0,2,125,-2518.0
653,2350.0,169,261,34.0,2,125,-2555.0
654,2393.0,172,261,36.0,2,125,-2603.0
655,2443.0,173,264,40.0,4,125,-2660.0
656,2515.0,174,264,40.0,2,124,-2731.0
657,2539.0,174,264,42.0,2,123,-2757.0
658,2548.0,169,266,44.0,2,123,-2763.0
659,2603.0,167,265,46.0,2,123,-2818.0
660,2677.0,166,265,50.0,8,126,-2901.0
661,2687.0,165,268,54.0,4,125,-2910.0
662,2696.0,163,265,60.0,6,125,-2925.0
663,2772.0,162,266,62.0,4,125,-3000.0
664,2806.0,159,269,66.0,4,125,-3035.0
665,2821.0,155,266,70.0,4,125,-3050.0
666,2901.0,161,267,74.0,4,125,-3140.0
667,2990.0,158,267,78.0,4,125,-3230.0
668,3021.0,163,267,82.0,4,125,-3270.0
669,3122.0,163,270,86.0,4,125,-3375.0
670,3135.0,162,270,90.0,4,125,-3391.0
671,3214.0,163,271,94.0,4,125,-3475.0
672,3308.0,166,272,98.0,4,125,-3576.0
673,3359.0,166,272,103.0,5,125,-3633.0
674,3401.0,167,275,108.0,5,125,-3681.0
675,3236.0,164,271,3.0,1,125,-3404.0
676,3040.0,155,271,4.0,1,125,-3200.0
677,2876.0,153,274,5.0,1,125,-3035.0
678,2731.0,150,271,6.0,1,125,-2888.0
679,2574.0,142,272,7.0,1,125,-2724.0
680,2458.0,140,274,8.0,5,128,-2611.0
681,2372.0,140,271,9.0,1,126,-2522.0
682,2264.0,140,272,10.0,1,125,-2415.0
683,2159.0,137,273,11.0,1,125,-2308.0
684,2123.0,142,274,12.0,1,125,-2278.0
685,2117.0,138,275,13.0,1,125,-2269.0
686,2163.0,141,275,14.0,1,125,-2319.0
687,2166.0,145,275,15.0,1,125,-2327.0
688,2069.0,144,278,16.0,1,125,-2230.0
689,2048.0,145,278,17.0,1,125,-2211.0
690,1972.0,145,279,18.0,1,125,-2136.0
691,1985.0,145,280,19.0,1,125,-2150.0
692,1987.0,145,281,20.0,1,125,-2153.0
693,1970.0,146,282,21.0,1,125,-2138.0
694,1992.0,144,282,22.0,1,125,-2159.0
695,1992.0,146,284,23.0,1,125,-2162.0
696,1973.0,143,283,24.0,1,125,-2141.0
697,1964.0,145,282,25.0,1,125,-2135.0
698,1988.0,143,285,26.0,1,125,-2158.0
699,1993.0,140,285,27.0,1,125,-2161.0
700,2055.0,142,288,29.0,6,129,-2232.0
701,2087.0,142,286,29.0,1,129,-2259.0
702,2169.0,145,287,30.0,1,129,-2345.0
703,2218.0,147,289,31.0,1,129,-2397.0
704,2259.0,149,289,32.0,1,129,-2441.0
705,2336.0,149,289,33.0,1,129,-2519.0
706,2375.0,145,292,34.0,1,129,-2555.0
707,2424.0,149,292,35.0,1,129,-2609.0
708,2518.0,151,293,36.0,1,129,-2706.0
709,2525.0,150,295,37.0,1,129,-2713.0
710,2649.0,150,297,38.0,1,129,-2838.0
711,2684.0,148,298,39.0,1,129,-2872.0
712,2767.0,154,297,40.0,1,129,-2962.0
713,2771.0,150,300,41.0,1,129,-2963.0
714,2760.0,151,300,42.0,1,129,-2954.0
715,2755.0,152,299,43.0,1,129,-2951.0
716,2750.0,150,301,44.0,1,129,-2945.0
717,2744.0,150,302,45.0,1,129,-2940.0
718,2805.0,152,302,47.0,2,129,-3006.0
719,2840.0,156,305,49.0,2,129,-3047.0
720,2639.0,151,300,3.0,5,133,-2798.0
721,2447.0,144,301,4.0,1,133,-2596.0
722,2268.0,143,303,5.0,1,133,-2417.0
723,2127.0,140,301,8.0,3,133,-2278.0
724,1963.0,135,301,12.0,4,133,-2114.0
725,1869.0,129,301,16.0,4,133,-2018.0
726,1791.0,129,300,20.0,4,133,-1944.0
727,1717.0,127,302,24.0,4,133,-1872.0
728,1641.0,126,301,28.0,4,133,-1799.0
729,1609.0,127,301,32.0,4,133,-1772.0
730,1591.0,128,303,36.0,4,133,-1759.0
731,1592.0,130,302,40.0,4,133,-1766.0
732,1646.0,131,302,44.0,4,133,-1825.0
733,1652.0,135,304,48.0,4,133,-1839.0
734,1696.0,141,305,52.0,4,131,-1893.0
735,1709.0,136,306,56.0,4,126,-1905.0
736,1735.0,144,306,60.0,4,125,-1943.0
737,1770.0,151,306,64.0,4,125,-1989.0
738,1891.0,151,307,68.0,4,125,-2114.0
739,1964.0,155,308,72.0,4,125,-2195.0
740,1992.0,157,306,76.0,8,129,-2233.0
741,2016.0,158,308,80.0,4,129,-2258.0
742,2103.0,161,310,84.0,4,129,-2352.0
743,2148.0,165,309,88.0,4,129,-2405.0
744,2233.0,168,309,93.0,5,129,-2499.0
745,2243.0,168,312,98.0,5,129,-2514.0
746,2353.0,174,311,103.0,5,127,-2635.0
747,2396.0,174,312,108.0,5,127,-2683.0
748,2539.0,179,314,113.0,5,125,-2836.0
749,2638.0,182,313,118.0,5,125,-2943.0
750,2688.0,182,315,123.0,5,125,-2998.0
751,2718.0,182,317,128.0,5,125,-3033.0
752,2762.0,181,314,133.0,5,125,-3081.0
753,2924.0,186,316,139.0,6,125,-3255.0
754,2988.0,187,318,145.0,6,125,-3326.0
755,3064.0,187,317,151.0,6,125,-3408.0
756,3142.0,190,318,157.0,6,125,-3495.0
757,3210.0,190,318,163.0,6,125,-3569.0
758,3363.0,191,320,169.0,6,125,-3729.0
759,3441.0,192,321,175.0,6,125,-3814.0
760,3520.0,189,321,181.0,10,129,-3900.0
761,3641.0,190,324,187.0,6,129,-4024.0
762,3767.0,189,324,193.0,6,129,-4155.0
763,3836.0,187,324,200.0,7,129,-4230.0
764,3918.0,191,326,208.0,8,129,-4325.0
765,3766.0,183,322,7.0,4,129,-3960.0
766,3616.0,180,323,9.0,3,129,-3808.0
767,3445.0,173,325,13.0,4,129,-3635.0
768,3311.0,166,323,17.0,4,128,-3498.0
769,3149.0,167,324,21.0,4,128,-3341.0
770,3097.0,165,323,25.0,4,128,-3291.0
771,2955.0,158,323,29.0,4,128,-3146.0
772,2821.0,153,324,33.0,4,128,-3011.0
773,2698.0,146,323,37.0,4,128,-2885.0
774,2615.0,148,324,41.0,4,128,-2808.0
775,2567.0,146,324,45.0,4,128,-2762.0
776,2521.0,150,324,50.0,5,126,-2726.0
777,2409.0,148,324,55.0,5,126,-2617.0
778,2383.0,150,325,58.0,5,126,-2596.0
779,2320.0,150,326,64.0,6,126,-2540.0
780,2264.0,145,325,71.0,11,130,-2491.0
781,2213.0,145,326,78.0,7,130,-2443.0
782,2156.0,142,327,85.0,7,130,-2390.0
783,2170.0,145,329,92.0,7,130,-2414.0
784,2141.0,152,331,99.0,7,130,-2399.0
785,2088.0,146,332,106.0,7,130,-2347.0
786,2130.0,150,333,115.0,9,130,-2404.0
787,2147.0,151,335,122.0,8,130,-2428.0
788,2088.0,152,336,128.0,8,130,-2376.0
789,2090.0,152,336,137.0,9,130,-2388.0
790,2082.0,154,338,146.0,9,130,-2391.0
791,2163.0,157,340,159.0,13,130,-2492.0
792,2271.0,164,342,164.0,9,130,-2608.0
793,2302.0,165,343,175.0,11,130,-2653.0
794,2337.0,169,345,182.0,9,130,-2697.0
795,2431.0,172,346,191.0,9,130,-2803.0
796,2524.0,182,345,200.0,9,128,-2915.0
797,2615.0,182,348,209.0,9,128,-3015.0
798,2707.0,189,349,218.0,9,128,-3123.0
799,2839.0,194,349,227.0,9,128,-3269.0
800,3034.0,206,352,236.0,13,132,-3489.0
801,3141.0,205,354,245.0,9,132,-3600.0
802,3245.0,203,352,254.0,9,132,-3711.0
803,3404.0,211,354,263.0,9,132,-3887.0
804,3540.0,216,357,272.0,9,132,-4037.0
805,3683.0,224,359,281.0,9,132,-4197.0
806,3863.0,227,359,293.0,12,132,-4395.0
807,3973.0,228,362,301.0,10,132,-4512.0
808,4080.0,227,363,283.0,10,132,-4600.0
809,4170.0,235,363,290.0,10,132,-4705.0
810,4039.0,228,360,0.0,0,132,-4267.0
811,3879.0,221,361,0.0,0,132,-4100.0
812,3725.0,216,361,0.0,0,132,-3941.0
813,3634.0,214,362,0.0,0,131,-3848.0
814,3492.0,208,362,0.0,0,131,-3700.0
815,3426.0,208,362,0.0,0,131,-3634.0
816,3397.0,208,361,0.0,0,131,-3605.0
817,3405.0,210,363,0.0,0,131,-3615.0
818,3414.0,211,362,0.0,0,131,-3625.0
819,3441.0,213,363,1.0,1,131,-3656.0
820,3437.0,214,362,0.0,4,135,-3655.0
821,3455.0,210,364,0.0,0,135,-3665.0
822,3600.0,209,365,0.0,0,133,-3809.0
823,3651.0,214,366,0.0,0,132,-3865.0
824,3725.0,219,365,0.0,0,131,-3944.0
825,3800.0,222,368,0.0,0,131,-4022.0
826,3808.0,219,369,0.0,0,131,-4027.0
827,3812.0,225,370,0.0,0,131,-4037.0
828,3802.0,220,371,0.0,0,131,-4022.0
829,3927.0,225,372,0.0,0,130,-4152.0
830,4005.0,231,372,1.0,1,129,-4238.0
831,4104.0,232,373,2.0,1,129,-4339.0
832,4255.0,237,373,4.0,2,129,-4498.0
833,4367.0,240,375,6.0,2,129,-4615.0
834,4464.0,241,373,8.0,2,129,-4715.0
835,4573.0,239,374,11.0,3,129,-4826.0
836,4694.0,237,376,17.0,6,129,-4954.0
837,4791.0,240,375,16.0,4,129,-5051.0
838,4905.0,240,378,16.0,2,129,-5163.0
839,4942.0,239,377,18.0,2,129,-5201.0
840,5024.0,243,376,20.0,6,133,-5293.0
841,5100.0,244,379,22.0,2,133,-5368.0
842,5195.0,245,378,24.0,2,133,-5466.0
843,5308.0,251,379,26.0,2,133,-5587.0
844,5360.0,257,380,29.0,3,133,-5649.0
845,5409.0,260,380,32.0,3,133,-5704.0
846,5429.0,257,381,35.0,3,133,-5724.0
847,5523.0,259,380,38.0,3,133,-5823.0
848,5660.0,265,382,41.0,3,133,-5969.0
849,5853.0,268,382,44.0,3,133,-6168.0
850,5997.0,272,383,47.0,3,133,-6319.0
851,6156.0,270,385,51.0,4,133,-6481.0
852,6268.0,272,386,55.0,4,133,-6599.0
853,6413.0,274,387,59.0,4,133,-6750.0
854,6607.0,275,390,63.0,4,133,-6949.0
855,6513.0,273,387,0.0,0,133,-6786.0
856,6451.0,263,387,0.0,0,133,-6714.0
857,6415.0,263,389,0.0,0,133,-6678.0
858,6444.0,263,389,0.0,0,133,-6707.0
859,6451.0,262,389,0.0,0,133,-6713.0
860,6376.0,261,391,0.0,4,137,-6641.0
861,6445.0,261,390,0.0,0,137,-6706.0
862,6490.0,263,391,0.0,0,137,-6753.0
863,6534.0,263,392,0.0,0,137,-6797.0
864,6627.0,261,393,0.0,0,137,-6888.0
865,6679.0,268,393,4.0,4,137,-6955.0
866,6686.0,264,395,6.0,3,137,-6959.0
867,6416.0,248,397,9.0,3,137,-6676.0
868,6432.0,247,399,13.0,4,137,-6696.0
869,6467.0,245,401,17.0,4,137,-6733.0
870,6569.0,250,403,21.0,4,137,-6844.0
871,6422.0,248,405,25.0,4,137,-6699.0
872,6308.0,251,406,29.0,4,136,-6592.0
873,6229.0,255,408,33.0,4,133,-6521.0
874,6050.0,255,410,37.0,4,130,-6346.0
875,6063.0,254,409,41.0,4,129,-6362.0
876,5948.0,255,410,45.0,4,129,-6252.0
877,5964.0,259,411,49.0,4,129,-6276.0
878,6033.0,258,411,53.0,4,129,-6348.0
879,5998.0,260,412,58.0,5,129,-6321.0
880,5934.0,262,411,61.0,8,133,-6265.0
881,5956.0,255,412,66.0,5,133,-6282.0
882,5884.0,254,412,71.0,5,133,-6214.0
883,5926.0,256,412,76.0,5,133,-6263.0
884,5915.0,256,412,81.0,5,132,-6257.0
885,5881.0,255,412,86.0,5,132,-6227.0
886,5848.0,260,412,91.0,5,132,-6204.0
887,5796.0,261,413,96.0,5,132,-6158.0
888,5848.0,259,413,101.0,5,132,-6213.0
889,5895.0,260,416,106.0,5,131,-6266.0
890,5944.0,255,414,111.0,5,129,-6315.0
891,5984.0,259,412,116.0,5,129,-6364.0
892,6056.0,257,416,121.0,5,129,-6439.0
893,6155.0,266,415,126.0,5,129,-6552.0
894,6315.0,263,414,131.0,5,129,-6714.0
895,6389.0,265,416,136.0,5,129,-6795.0
896,6474.0,266,417,142.0,6,129,-6888.0
897,6615.0,268,417,146.0,5,129,-7034.0
898,6657.0,268,418,155.0,9,129,-7089.0
899,6750.0,268,422,161.0,8,129,-7187.0
900,6704.0,260,420,8.0,7,133,-6979.0
901,6691.0,262,419,8.0,2,133,-6963.0
902,6738.0,263,421,12.0,4,133,-7017.0
903,6653.0,261,421,16.0,4,133,-6934.0
904,6586.0,267,421,20.0,4,133,-6877.0
905,6650.0,267,423,24.0,4,133,-6945.0
906,6297.0,251,423,28.0,4,132,-6580.0
907,6094.0,249,424,32.0,4,131,-6379.0
908,5929.0,249,427,36.0,4,131,-6218.0
909,5898.0,251,428,40.0,4,131,-6193.0
910,5903.0,257,429,45.0,5,131,-6210.0
911,5874.0,264,431,48.0,4,131,-6190.0
912,6019.0,266,433,53.0,5,131,-6343.0
913,6007.0,264,434,58.0,5,131,-6334.0
914,6035.0,272,437,63.0,5,131,-6375.0
915,5981.0,271,438,68.0,5,131,-6325.0
916,5939.0,271,437,73.0,5,131,-6288.0
917,5907.0,273,440,78.0,5,131,-6263.0
918,6012.0,276,442,83.0,5,129,-6376.0
919,6013.0,271,443,88.0,5,129,-6377.0
920,6087.0,275,444,93.0,9,133,-6464.0
921,6076.0,281,445,98.0,5,133,-6460.0
922,6083.0,275,446,103.0,5,133,-6466.0
923,6034.0,276,447,108.0,5,133,-6423.0
924,5928.0,273,448,113.0,5,133,-6319.0
925,5810.0,278,449,120.0,7,133,-6215.0
926,5811.0,282,450,125.0,6,133,-6224.0
927,5815.0,282,450,128.0,5,133,-6230.0
928,5930.0,285,449,133.0,5,132,-6353.0
929,5962.0,287,451,138.0,5,132,-6392.0
930,5974.0,289,451,143.0,5,132,-6411.0
931,5981.0,288,451,148.0,5,132,-6422.0
932,5953.0,283,452,153.0,5,131,-6394.0
933,5934.0,288,455,158.0,5,131,-6385.0
934,5963.0,292,455,163.0,5,131,-6423.0
935,6046.0,293,456,168.0,5,131,-6512.0
936,6165.0,292,457,173.0,5,131,-6635.0
937,6092.0,290,456,178.0,5,131,-6565.0
938,6223.0,293,456,183.0,5,130,-6704.0
939,6301.0,296,457,188.0,5,130,-6790.0
940,6477.0,300,457,193.0,9,134,-6979.0
941,6614.0,308,460,198.0,5,134,-7125.0
942,6724.0,305,460,203.0,5,134,-7237.0
943,6866.0,310,460,208.0,5,134,-7389.0
944,7015.0,310,463,213.0,5,134,-7543.0
945,6930.0,308,460,0.0,0,134,-7238.0
946,6877.0,308,461,0.0,0,134,-7185.0
947,6887.0,308,462,0.0,0,134,-7195.0
948,6679.0,310,463,0.0,0,134,-6989.0
949,6630.0,303,462,0.0,0,134,-6933.0
950,6500.0,304,463,0.0,0,134,-6804.0
951,6430.0,306,462,0.0,0,134,-6736.0
952,6311.0,303,463,5.0,5,134,-6624.0
953,6231.0,307,464,10.0,5,133,-6553.0
954,6252.0,316,464,9.0,3,133,-6580.0
955,6334.0,317,464,8.0,2,133,-6661.0
956,6428.0,323,463,12.0,4,133,-6767.0
957,6515.0,322,466,17.0,5,132,-6859.0
958,6671.0,331,466,22.0,5,132,-7029.0
959,6878.0,335,466,27.0,5,132,-7245.0
960,7023.0,334,469,32.0,9,136,-7398.0
961,7131.0,336,470,37.0,5,136,-7509.0
962,7194.0,339,470,42.0,5,136,-7580.0
963,7160.0,337,473,47.0,5,136,-7549.0
964,7160.0,337,472,52.0,5,136,-7554.0
965,7303.0,346,472,57.0,5,136,-7711.0
966,7551.0,350,475,63.0,6,136,-7970.0
967,7729.0,357,475,68.0,6,136,-8160.0
968,7847.0,355,476,74.0,6,136,-8282.0
969,8009.0,360,474,80.0,6,136,-8455.0
970,8186.0,359,477,86.0,6,136,-8637.0
971,8437.0,362,478,93.0,7,136,-8899.0
972,8527.0,356,477,101.0,9,136,-8993.0
973,8658.0,350,477,104.0,6,136,-9118.0
974,8945.0,357,480,110.0,6,136,-9418.0
975,9205.0,362,479,116.0,6,136,-9689.0
976,9498.0,363,480,124.0,8,136,-9993.0
977,9832.0,370,482,130.0,7,135,-10339.0
978,10026.0,366,481,135.0,7,135,-10534.0
979,10073.0,369,482,143.0,8,135,-10593.0
980,9922.0,367,482,151.0,12,139,-10452.0
981,10039.0,373,485,159.0,8,139,-10579.0
982,10112.0,370,485,167.0,8,139,-10657.0
983,10209.0,369,486,175.0,8,139,-10761.0
984,10385.0,372,487,183.0,8,139,-10948.0
985,10598.0,377,488,191.0,8,139,-11174.0
986,10712.0,374,488,199.0,8,139,-11293.0
987,10638.0,365,490,207.0,8,139,-11218.0
988,10729.0,370,491,215.0,8,139,-11322.0
989,10679.0,365,493,223.0,8,139,-11275.0
990,10487.0,358,489,0.0,0,139,-10845.0
991,10444.0,356,490,0.0,0,139,-10800.0
992,10359.0,356,492,0.0,0,139,-10715.0
993,10175.0,349,491,0.0,0,139,-10524.0
994,10162.0,350,491,0.0,0,139,-10512.0
995,9973.0,341,492,0.0,0,139,-10314.0
996,9906.0,341,493,0.0,0,139,-10247.0
997,9732.0,342,494,0.0,0,139,-10074.0
998,9524.0,337,493,0.0,0,139,-9861.0
999,9352.0,336,496,0.0,0,139,-9688.0
