global_step,episode,mode,step_in_episode,vehicle_queue,vehicle_wait,ped_queue,ped_wait,ped_thru_step,veh_thru_step,phase,reward,loss,action
0,0,train,0,0,0.0,0,0.0,0,0,0,0.0,,
1,0,train,1,0,0.0,0,0.0,0,0,0,0.0,,
2,0,train,2,0,0.0,0,0.0,0,0,0,0.0,,
3,0,train,3,0,0.0,0,0.0,0,0,0,0.0,,
4,0,train,4,0,0.0,0,0.0,0,0,0,0.0,,
5,0,train,5,0,0.0,0,0.0,0,0,0,0.0,,
6,0,train,6,0,0.0,0,0.0,0,0,0,0.0,,
7,0,train,7,0,0.0,0,0.0,0,0,0,0.0,,
8,0,train,8,0,0.0,0,0.0,0,0,0,0.0,,
9,0,train,9,0,0.0,0,0.0,0,0,0,0.0,,
10,0,train,10,0,0.0,0,0.0,0,0,0,0.0,,
11,0,train,11,0,0.0,0,0.0,0,0,0,0.0,,
12,0,train,12,0,0.0,0,0.0,0,0,0,0.0,,
13,0,train,13,0,0.0,0,0.0,0,0,0,0.0,,
14,0,train,14,0,0.0,0,0.0,0,0,1,-1.8,,
15,0,train,15,0,0.0,0,0.0,0,0,1,0.0,,
16,0,train,16,0,0.0,0,0.0,0,0,1,0.0,,
17,0,train,17,0,0.0,0,0.0,0,0,1,0.0,,
18,0,train,18,0,0.0,0,0.0,0,0,1,0.0,,
19,0,train,19,0,0.0,0,0.0,0,0,1,0.0,,
20,0,train,20,0,0.0,0,0.0,0,0,1,0.0,,
21,0,train,21,0,0.0,0,0.0,0,0,2,-0.24,,
22,0,train,22,0,0.0,0,0.0,0,0,2,0.0,,
23,0,train,23,0,0.0,0,0.0,0,0,2,0.0,,
24,0,train,24,0,0.0,0,0.0,0,0,2,0.0,,
25,0,train,25,0,0.0,0,0.0,0,0,3,-1.2,,
26,0,train,26,0,0.0,0,0.0,0,0,3,0.0,,
27,0,train,27,0,0.0,0,0.0,0,0,3,0.0,,
28,0,train,28,0,0.0,0,0.0,0,0,3,0.0,,
29,0,train,29,0,0.0,0,0.0,0,0,3,0.0,,
30,0,train,30,0,0.0,0,0.0,0,0,3,0.0,,
31,0,train,31,0,0.0,0,0.0,0,0,3,0.0,,
32,0,train,32,0,0.0,0,0.0,0,0,4,-0.24,,
33,0,train,33,0,0.0,0,0.0,0,0,4,0.0,,
34,0,train,34,0,0.0,0,0.0,0,0,4,0.0,,
35,0,train,35,0,0.0,0,0.0,0,0,4,0.0,,
36,0,train,36,0,0.0,0,0.0,0,0,4,0.0,,
37,0,train,37,0,0.0,0,0.0,0,0,5,-1.0,,
38,0,train,38,0,0.0,0,0.0,0,0,5,0.0,,
39,0,train,39,0,0.0,0,0.0,0,0,5,0.0,,
40,0,train,40,0,0.0,0,0.0,0,0,5,0.0,,
41,0,train,41,0,0.0,0,0.0,0,0,5,0.0,,
42,0,train,42,0,0.0,0,0.0,0,0,5,0.0,,
43,0,train,43,0,0.0,0,0.0,0,0,5,0.0,,
44,0,train,44,0,0.0,0,0.0,0,0,5,0.0,,
45,0,train,45,0,0.0,0,0.0,0,0,5,0.0,,
46,0,train,46,0,0.0,0,0.0,0,0,5,0.0,,
47,0,train,47,0,0.0,0,0.0,0,0,5,0.0,,
48,0,train,48,0,0.0,0,0.0,0,0,5,0.0,,
49,0,train,49,0,0.0,0,0.0,0,0,5,0.0,,
50,0,train,50,0,0.0,0,0.0,0,0,5,0.0,,
51,0,train,51,0,0.0,0,0.0,0,0,5,0.0,,
52,0,train,52,0,0.0,0,0.0,0,0,6,-1.8,,
53,0,train,53,0,0.0,0,0.0,0,0,6,0.0,,
54,0,train,54,0,0.0,0,0.0,0,0,6,0.0,,
55,0,train,55,0,0.0,0,0.0,0,0,6,0.0,,
56,0,train,56,0,0.0,0,0.0,0,0,6,0.0,,
57,0,train,57,0,0.0,0,0.0,0,0,6,0.0,,
58,0,train,58,0,0.0,0,0.0,0,0,6,0.0,,
59,0,train,59,0,0.0,0,0.0,0,0,6,0.0,,
60,0,train,60,0,0.0,0,0.0,0,0,6,0.0,,
61,0,train,61,0,0.0,0,0.0,0,0,6,0.0,,
62,0,train,62,0,0.0,0,0.0,0,0,6,0.0,,
63,0,train,63,0,0.0,0,0.0,0,0,6,0.0,,
64,0,train,64,0,0.0,0,0.0,0,0,6,0.0,,
65,0,train,65,0,0.0,0,0.0,0,0,6,0.0,,
66,0,train,66,0,0.0,0,0.0,0,0,6,0.0,,
67,0,train,67,0,0.0,0,0.0,0,0,6,0.0,,
68,0,train,68,0,0.0,0,0.0,0,0,6,0.0,,
69,0,train,69,0,0.0,0,0.0,0,0,6,0.0,,
70,0,train,70,0,0.0,0,0.0,0,0,6,0.0,,
71,0,train,71,0,0.0,0,0.0,0,0,6,0.0,,
72,0,train,72,0,0.0,0,0.0,0,0,6,0.0,,
73,0,train,73,0,0.0,1,1.5,0,0,6,-0.099999999995,,
74,0,train,74,0,0.0,1,2.0,0,0,6,-0.0499999999975,,
75,0,train,75,0,0.0,2,4.0,0,0,6,-0.14999999999250002,,
76,0,train,76,0,0.0,2,5.0,0,0,6,-0.099999999995,,
77,0,train,77,0,0.0,2,6.0,0,0,6,-0.099999999995,,
78,0,train,78,0,0.0,2,7.0,0,0,7,-0.33999999999499997,,
79,0,train,79,0,0.0,2,8.0,0,0,7,-0.099999999995,,
80,0,train,80,1,1.5,2,9.0,0,0,7,-0.11999999999480002,,
81,0,train,81,3,5.0,2,10.0,0,0,7,-0.14999999999449998,,
82,0,train,82,3,6.5,2,11.0,0,0,7,-0.1299999999947,,
83,0,train,83,3,8.0,4,15.0,0,0,7,-0.3299999999847,,
84,0,train,84,4,11.0,6,20.0,0,0,7,-0.4499999999795,,
85,0,train,85,6,16.0,5,21.0,0,0,7,-0.27999999998919994,,
86,0,train,86,6,19.0,5,23.5,0,0,7,-0.3099999999869,,
87,0,train,87,5,17.5,6,27.5,0,0,8,-1.5899999999821,,
88,0,train,88,5,20.0,7,32.0,0,0,8,-0.44999999997949996,,
89,0,train,89,5,22.5,7,35.5,0,0,8,-0.399999999982,,
90,0,train,90,5,25.0,7,39.0,0,0,8,-0.399999999982,,
91,0,train,91,5,27.5,7,42.5,0,0,8,-0.399999999982,,
92,0,train,92,6,31.5,7,46.0,0,0,8,-0.41999999998179993,,
93,0,train,93,6,34.5,7,49.5,0,0,8,-0.40999999998189995,,
94,0,train,94,6,37.5,7,53.0,0,0,8,-0.40999999998189995,,
95,0,train,95,7,42.0,7,56.5,0,0,8,-0.4299999999817,,
96,0,train,96,7,45.5,7,60.0,0,0,8,-0.4199999999818,,
97,0,train,97,7,49.0,7,63.5,0,0,8,-0.4199999999818,,
98,0,train,98,9,55.5,7,67.0,0,0,8,-0.4599999999814,,
99,0,train,99,9,60.0,7,70.5,0,0,8,-0.4399999999816,,
100,0,train,100,9,64.5,7,74.0,0,0,8,-0.4399999999816,,
101,0,train,101,10,70.5,7,77.5,0,0,8,-0.45999999998139995,,
102,0,train,102,10,75.5,8,82.5,0,0,8,-0.5499999999765001,,
103,0,train,103,10,80.5,8,86.5,0,0,8,-0.499999999979,,
104,0,train,104,10,85.5,8,90.5,0,0,8,-0.499999999979,,
105,0,train,105,10,90.5,8,94.5,0,0,8,-0.499999999979,,
106,0,train,106,10,95.5,8,98.5,0,0,8,-0.499999999979,,
107,0,train,107,10,100.5,8,102.5,0,0,8,-0.499999999979,,
108,0,train,108,10,105.5,8,106.5,0,0,8,-0.499999999979,,
109,0,train,109,10,110.5,8,110.5,0,0,9,-0.739999999979,,
110,0,train,110,10,115.5,8,114.5,0,0,9,-0.499999999979,,
111,0,train,111,10,120.5,8,118.5,0,0,9,-0.499999999979,,
112,0,train,112,7,88.0,8,122.5,0,0,0,-1.4399999999796,,
113,0,train,113,6,79.5,8,126.5,0,0,0,-0.44999999997949996,,
114,0,train,114,6,82.5,8,130.5,0,0,0,-0.4599999999794,,
115,0,train,115,6,85.5,8,134.5,0,0,1,-2.2599999999794003,,
116,0,train,116,6,88.5,8,138.5,0,0,1,-0.4599999999794,,
117,0,train,117,7,93.0,8,142.5,0,0,1,-0.47999999997920006,,
118,0,train,118,7,96.5,8,146.5,0,0,1,-0.46999999997930003,,
119,0,train,119,7,100.0,8,150.5,0,0,1,-0.46999999997930003,,
120,0,train,120,7,103.5,8,154.5,0,0,1,-0.46999999997930003,,
121,0,train,121,8,108.5,8,158.5,0,0,1,-0.4899999999791,,
122,0,train,122,8,112.5,8,162.5,0,0,1,-0.4799999999792,,
123,0,train,123,8,116.5,8,166.5,0,0,1,-0.4799999999792,,
124,0,train,124,8,120.5,8,170.5,0,0,1,-0.4799999999792,,
125,0,train,125,8,124.5,8,174.5,0,0,1,-0.4799999999792,,
126,0,train,126,8,128.5,8,178.5,0,0,1,-0.4799999999792,,
127,0,train,127,8,132.5,8,182.5,0,0,1,-0.4799999999792,,
128,0,train,128,8,136.5,8,186.5,0,0,1,-0.4799999999792,,
129,0,train,129,9,142.0,8,190.5,0,0,1,-0.4999999999790001,,
130,0,train,130,9,146.5,8,194.5,0,0,1,-0.48999999997910004,,
131,0,train,131,10,152.5,8,198.5,0,0,1,-0.5099999999789,,
132,0,train,132,11,159.0,8,202.5,0,0,1,-0.5199999999788,,
133,0,train,133,12,166.0,8,206.5,0,0,1,-0.5299999999787,,
134,0,train,134,12,172.0,8,210.5,0,0,1,-0.5199999999788,,
135,0,train,135,12,178.0,8,214.5,0,0,1,-0.5199999999788,,
136,0,train,136,12,184.0,8,218.5,0,0,1,-0.5199999999788,,
137,0,train,137,12,190.0,8,222.5,0,0,1,-0.5199999999788,,
138,0,train,138,12,196.0,8,226.5,0,0,1,-0.5199999999788,,
139,0,train,139,12,202.0,8,230.5,0,0,1,-0.5199999999788,,
140,0,train,140,12,208.0,8,234.5,0,0,1,-0.5199999999788,,
141,0,train,141,12,214.0,8,238.5,0,0,1,-0.5199999999788,,
142,0,train,142,12,220.0,8,242.5,0,0,1,-0.5199999999788,,
143,0,train,143,12,226.0,8,246.5,0,0,1,-0.5199999999788,,
144,0,train,144,12,232.0,8,250.5,0,0,1,-0.5199999999788,,
145,0,train,145,12,238.0,8,254.5,0,0,1,-0.5199999999788,,
146,0,train,146,12,244.0,8,258.5,0,0,1,-0.5199999999788,,
147,0,train,147,12,250.0,8,262.5,0,0,1,-0.5199999999788,,
148,0,train,148,13,257.5,8,266.5,0,0,1,-0.5399999999785999,,
149,0,train,149,13,264.0,8,270.5,0,0,1,-0.5299999999787,,
150,0,train,150,14,272.0,8,274.5,0,1,1,-0.5499999999785001,,
151,0,train,151,14,279.0,8,278.5,0,1,1,-0.5399999999786,,
152,0,train,152,14,286.0,8,282.5,0,0,1,-0.5399999999786,,
153,0,train,153,14,293.0,8,286.5,0,0,1,-0.5399999999786,,
154,0,train,154,15,301.5,8,290.5,0,0,1,-0.5599999999784,,
155,0,train,155,15,309.0,8,294.5,0,0,1,-0.5499999999785,,
156,0,train,156,16,318.0,8,298.5,0,0,1,-0.5699999999783,,
157,0,train,157,16,326.0,8,302.5,0,1,1,-0.5599999999784,,
158,0,train,158,17,335.5,8,306.5,0,0,1,-0.5799999999782,,
159,0,train,159,20,348.5,8,310.5,0,0,1,-0.6299999999777001,,
160,0,train,160,20,358.5,8,314.5,0,0,1,-0.599999999978,,
161,0,train,161,21,370.0,8,318.5,0,0,1,-0.6199999999778,,
162,0,train,162,21,380.5,8,322.5,0,0,1,-0.6099999999779,,
163,0,train,163,21,391.0,8,326.5,0,0,1,-0.6099999999779,,
164,0,train,164,22,403.0,8,330.5,0,0,1,-0.6299999999777,,
165,0,train,165,25,418.5,8,334.5,0,0,1,-0.6799999999772001,,
166,0,train,166,26,432.5,8,338.5,0,0,1,-0.6699999999773,,
167,0,train,167,26,445.5,8,342.5,0,0,1,-0.6599999999774,,
168,0,train,168,27,460.0,8,346.5,0,1,1,-0.6799999999772002,,
169,0,train,169,28,475.0,8,350.5,0,0,1,-0.6899999999770998,,
170,0,train,170,28,489.0,8,354.5,0,0,1,-0.6799999999772,,
171,0,train,171,29,504.5,8,358.5,0,0,1,-0.6999999999770001,,
172,0,train,172,31,522.0,8,362.5,0,0,1,-0.7299999999767,,
173,0,train,173,31,537.5,8,366.5,0,0,1,-0.7099999999769,,
174,0,train,174,31,553.0,8,370.5,0,0,1,-0.7099999999769,,
175,0,train,175,30,548.5,8,374.5,0,0,1,-0.6899999999771,,
176,0,train,176,29,556.5,8,378.5,0,0,1,-0.6799999999772001,,
177,0,train,177,29,571.0,8,382.5,0,0,1,-0.6899999999771,,
178,0,train,178,29,585.5,8,386.5,0,0,1,-0.6899999999771,,
179,0,train,179,29,600.0,8,390.5,0,0,1,-0.6899999999771,,
180,0,train,180,29,614.5,8,394.5,0,0,1,-0.6899999999771,,
181,0,train,181,32,633.5,8,398.5,0,0,1,-0.7499999999765001,,
182,0,train,182,33,651.0,8,402.5,0,1,1,-0.7399999999765998,,
183,0,train,183,33,667.5,8,406.5,0,0,1,-0.7299999999767,,
184,0,train,184,33,684.0,8,410.5,0,0,1,-0.7299999999767,,
185,0,train,185,34,702.0,8,414.5,0,0,1,-0.7499999999765001,,
186,0,train,186,34,719.0,8,418.5,0,0,1,-0.7399999999766,,
187,0,train,187,34,736.0,8,422.5,0,0,1,-0.7399999999766,,
188,0,train,188,35,754.5,8,426.5,0,0,1,-0.7599999999764,,
189,0,train,189,35,772.0,8,430.5,0,0,1,-0.7499999999765,,
190,0,train,190,36,791.0,8,434.5,0,0,1,-0.7699999999763,,
191,0,train,191,36,809.0,8,438.5,0,0,1,-0.7599999999764,,
192,0,train,192,37,828.5,8,442.5,0,0,1,-0.7799999999762002,,
193,0,train,193,38,848.5,8,446.5,0,0,2,-1.0299999999760998,,
194,0,train,194,38,867.5,8,450.5,0,0,2,-0.7799999999762,,
195,0,train,195,39,888.0,8,454.5,0,1,2,-0.7999999999760001,,
196,0,train,196,41,910.5,8,458.5,0,0,2,-0.8299999999757,,
197,0,train,197,41,931.0,8,462.5,0,0,2,-0.8099999999759,,
198,0,train,198,42,953.0,8,466.5,0,1,2,-0.8299999999757002,,
199,0,train,199,42,974.0,8,470.5,0,0,2,-0.8199999999758001,,
200,0,train,200,42,993.0,8,474.5,0,0,2,-0.8199999999758001,,
201,0,train,201,42,1014.0,8,478.5,0,0,2,-0.8199999999758001,,
202,0,train,202,42,1035.0,8,482.5,0,1,2,-0.8199999999758001,,
203,0,train,203,41,1048.0,8,486.5,0,0,2,-0.7999999999759999,,
204,0,train,204,42,1070.0,8,490.5,0,2,2,-0.8299999999757002,,
205,0,train,205,39,939.0,8,494.5,0,0,3,-1.9599999999764,,
206,0,train,206,37,861.5,8,498.5,0,0,3,-0.7499999999765001,,
207,0,train,207,36,851.0,8,502.5,0,0,3,-0.7499999999764999,,
208,0,train,208,35,848.0,8,506.5,0,0,3,-0.7399999999766,,
209,0,train,209,35,857.5,8,510.5,0,0,3,-0.7499999999765,,
210,0,train,210,34,863.5,8,514.5,0,0,3,-0.7299999999767001,,
211,0,train,211,34,878.5,8,518.5,0,0,3,-0.7399999999766,,
212,0,train,212,35,897.0,8,522.5,0,0,3,-0.7599999999764,,
213,0,train,213,35,914.5,8,526.5,0,0,3,-0.7499999999765,,
214,0,train,214,36,933.5,8,530.5,0,0,3,-0.7699999999763,,
215,0,train,215,38,954.5,8,534.5,0,0,4,-1.039999999976,,
216,0,train,216,38,973.5,8,538.5,0,0,4,-0.7799999999762,,
217,0,train,217,38,992.5,8,542.5,0,0,4,-0.7799999999762,,
218,0,train,218,38,1011.5,8,546.5,0,0,4,-0.7799999999762,,
219,0,train,219,40,1033.5,8,550.5,0,0,4,-0.8199999999758001,,
220,0,train,220,42,1056.5,8,554.5,0,0,4,-0.8399999999756002,,
221,0,train,221,43,1079.0,8,558.5,0,1,4,-0.8399999999755998,,
222,0,train,222,44,1102.0,8,562.5,0,0,4,-0.8499999999755001,,
223,0,train,223,44,1124.0,8,566.5,0,0,4,-0.8399999999756,,
224,0,train,224,45,1147.5,8,570.5,0,0,4,-0.8599999999754,,
225,0,train,225,45,1170.0,8,574.5,0,0,4,-0.8499999999755,,
226,0,train,226,46,1194.0,8,578.5,0,1,4,-0.8699999999753,,
227,0,train,227,43,944.0,8,582.5,0,0,5,-1.799999999976,,
228,0,train,228,40,779.0,8,586.5,0,0,5,-0.7699999999763001,,
229,0,train,229,36,647.0,8,590.5,0,0,5,-0.7199999999768,,
230,0,train,230,36,636.0,7,522.0,0,0,5,-0.6599999999813999,,
231,0,train,231,32,568.5,7,525.5,0,0,5,-0.6299999999797001,,
232,0,train,232,28,497.5,6,453.5,0,0,5,-0.4899999999850999,,
233,0,train,233,27,486.0,5,375.0,0,0,5,-0.45999999998739993,,
234,0,train,234,26,473.5,5,377.5,0,0,5,-0.499999999985,,
235,0,train,235,26,480.0,4,312.0,0,0,5,-0.4099999999899,,
236,0,train,236,25,481.0,3,236.0,0,0,5,-0.33999999999260005,,
237,0,train,237,24,491.0,2,155.0,0,0,5,-0.2799999999952,,
238,0,train,238,24,463.5,2,156.0,0,0,5,-0.3399999999926,,
239,0,train,239,23,462.0,2,157.0,0,0,5,-0.31999999999280004,,
240,0,train,240,22,462.0,2,158.0,0,1,5,-0.30999999999289996,,
241,0,train,241,23,474.5,2,159.0,0,0,5,-0.33999999999260005,,
242,0,train,242,23,477.0,2,160.0,0,0,5,-0.3299999999927,,
243,0,train,243,22,479.0,2,161.0,0,0,5,-0.30999999999289996,,
244,0,train,244,23,491.5,2,162.0,0,0,5,-0.33999999999260005,,
245,0,train,245,22,494.0,2,163.0,0,0,5,-0.30999999999289996,,
246,0,train,246,22,505.0,2,164.0,0,1,5,-0.3199999999928,,
247,0,train,247,21,513.0,2,165.0,0,0,5,-0.29999999999300003,,
248,0,train,248,21,523.5,2,166.0,0,0,6,-2.1099999999929,,
249,0,train,249,21,534.0,2,167.0,0,2,6,-0.3099999999929,,
250,0,train,250,22,546.0,2,168.0,0,0,6,-0.32999999999269997,,
251,0,train,251,23,558.5,2,169.0,0,0,6,-0.33999999999260005,,
252,0,train,252,23,570.0,2,170.0,0,0,6,-0.3299999999927,,
253,0,train,253,23,581.5,2,171.0,0,0,6,-0.3299999999927,,
254,0,train,254,23,593.0,2,172.0,0,0,6,-0.3299999999927,,
255,0,train,255,23,604.5,2,173.0,0,0,6,-0.3299999999927,,
256,0,train,256,24,617.5,2,174.0,0,0,6,-0.3499999999925,,
257,0,train,257,26,632.5,2,175.0,0,0,6,-0.3799999999921999,,
258,0,train,258,26,645.5,2,176.0,0,1,6,-0.35999999999239995,,
259,0,train,259,26,657.5,2,177.0,0,0,6,-0.35999999999239995,,
260,0,train,260,27,672.0,2,178.0,0,0,6,-0.37999999999220013,,
261,0,train,261,27,685.5,2,179.0,0,1,6,-0.36999999999230004,,
262,0,train,262,28,700.5,2,180.0,0,0,6,-0.3899999999921,,
263,0,train,263,27,711.0,2,181.0,0,0,6,-0.35999999999240007,,
264,0,train,264,27,724.5,2,182.0,0,0,6,-0.36999999999230004,,
265,0,train,265,27,738.0,2,183.0,0,0,6,-0.36999999999230004,,
266,0,train,266,27,751.5,2,184.0,0,1,6,-0.36999999999230004,,
267,0,train,267,27,765.0,2,185.0,0,0,6,-0.36999999999230004,,
268,0,train,268,27,778.5,3,187.5,0,0,6,-0.4699999999872999,,
269,0,train,269,28,793.5,3,189.0,0,0,6,-0.43999999998959993,,
270,0,train,270,27,805.5,3,190.5,0,0,6,-0.4099999999899,,
271,0,train,271,26,812.0,3,192.0,0,0,6,-0.39999999999,,
272,0,train,272,26,825.0,4,195.0,0,0,6,-0.5099999999849,,
273,0,train,273,27,839.5,4,197.0,0,1,6,-0.47999999998720005,,
274,0,train,274,28,854.5,4,199.0,0,0,6,-0.4899999999871,,
275,0,train,275,27,866.5,4,201.0,0,0,6,-0.45999999998740004,,
276,0,train,276,27,880.0,4,203.0,0,1,6,-0.4699999999873,,
277,0,train,277,27,893.5,4,205.0,0,0,6,-0.4699999999873,,
278,0,train,278,27,907.0,4,207.0,0,0,6,-0.4699999999873,,
279,0,train,279,27,920.5,5,210.5,0,0,6,-0.5699999999822999,,
280,0,train,280,30,938.5,6,214.5,0,0,6,-0.6799999999792001,,
281,0,train,281,32,956.5,6,217.5,0,0,6,-0.6399999999816,,
282,0,train,282,32,972.5,6,220.5,0,2,6,-0.6199999999818,,
283,0,train,283,33,990.0,6,223.5,0,0,6,-0.6399999999816,,
284,0,train,284,34,1008.0,6,226.5,0,0,6,-0.6499999999814999,,
285,0,train,285,36,1028.0,7,231.0,0,0,6,-0.7799999999762,,
286,0,train,286,36,1046.0,8,236.0,0,1,6,-0.8099999999739,,
287,0,train,287,36,1064.0,8,240.0,0,0,6,-0.7599999999764,,
288,0,train,288,37,1083.5,9,245.5,0,1,6,-0.8799999999712,,
289,0,train,289,37,1102.0,9,250.0,0,1,6,-0.8199999999738,,
290,0,train,290,37,1120.5,10,256.0,0,1,6,-0.9199999999687999,,
291,0,train,291,38,1140.5,10,261.0,0,0,6,-0.8899999999711001,,
292,0,train,292,38,1159.5,10,266.0,0,1,6,-0.8799999999712,,
293,0,train,293,39,1180.0,10,271.0,0,0,6,-0.8999999999709998,,
294,0,train,294,39,1199.5,10,276.0,0,0,6,-0.8899999999710999,,
295,0,train,295,39,1219.0,11,282.5,0,0,6,-0.9899999999661,,
296,0,train,296,39,1238.5,10,286.0,0,0,6,-0.8399999999735999,,
297,0,train,297,40,1259.5,10,291.0,0,0,6,-0.9099999999709001,,
298,0,train,298,39,1269.0,11,297.5,0,0,6,-0.9799999999661999,,
299,0,train,299,40,1290.0,12,304.5,0,0,6,-1.0599999999634,,
300,0,train,300,41,1311.5,12,310.5,0,0,6,-1.0199999999657998,,
301,0,train,301,41,1332.0,12,316.5,0,0,6,-1.0099999999659,,
302,0,train,302,41,1352.5,12,322.5,0,0,6,-1.0099999999659,,
303,0,train,303,41,1373.0,12,328.5,0,0,6,-1.0099999999659,,
304,0,train,304,41,1393.5,12,334.5,0,1,6,-1.0099999999659,,
305,0,train,305,41,1414.0,12,340.5,0,0,6,-1.0099999999659,,
306,0,train,306,42,1436.0,12,346.5,0,1,6,-1.0299999999657001,,
307,0,train,307,40,1433.5,13,354.0,0,0,6,-1.0799999999612002,,
308,0,train,308,39,1443.5,13,360.5,0,0,6,-1.0299999999637,,
309,0,train,309,38,1453.5,13,367.0,0,0,6,-1.0199999999637999,,
310,0,train,310,38,1472.5,13,373.5,0,0,6,-1.0299999999637,,
311,0,train,311,37,1483.0,13,380.0,0,0,6,-1.0099999999639002,,
312,0,train,312,37,1495.0,13,386.5,0,1,6,-1.0199999999638,,
313,0,train,313,38,1515.0,13,393.0,0,1,6,-1.0399999999635998,,
314,0,train,314,38,1534.0,13,399.5,0,0,6,-1.0299999999637,,
315,0,train,315,38,1553.0,13,406.0,0,0,6,-1.0299999999637,,
316,0,train,316,38,1572.0,13,412.5,0,1,6,-1.0299999999637,,
317,0,train,317,39,1592.5,13,419.0,0,0,6,-1.0499999999635001,,
318,0,train,318,39,1612.0,13,425.5,0,0,6,-1.0399999999636,,
319,0,train,319,40,1633.0,13,432.0,0,2,6,-1.0599999999634002,,
320,0,train,320,40,1653.0,13,438.5,0,1,6,-1.0499999999635001,,
321,0,train,321,40,1673.0,14,446.5,0,1,6,-1.1499999999584998,,
322,0,train,322,41,1694.5,14,453.5,0,0,6,-1.1199999999608001,,
323,0,train,323,41,1715.0,14,460.5,0,1,6,-1.1099999999609,,
324,0,train,324,41,1735.5,13,464.5,0,1,6,-1.0099999999659,,
325,0,train,325,41,1756.0,13,471.0,0,0,6,-1.0599999999634,,
326,0,train,326,42,1778.0,13,477.5,0,0,6,-1.0799999999632002,,
327,0,train,327,42,1799.0,13,484.0,0,0,7,-1.3099999999633,,
328,0,train,328,42,1820.0,13,490.5,0,0,7,-1.0699999999633,,
329,0,train,329,43,1842.5,14,498.5,0,0,7,-1.1899999999581,,
330,0,train,330,43,1864.0,14,505.5,0,0,7,-1.1299999999607,,
331,0,train,331,43,1885.5,14,512.5,0,2,7,-1.1299999999607,,
332,0,train,332,45,1910.0,14,519.5,0,0,7,-1.1699999999603,,
333,0,train,333,46,1934.0,14,526.5,0,0,7,-1.1699999999602997,,
334,0,train,334,44,1739.0,14,533.5,0,0,8,-2.3199999999607996,,
335,0,train,335,42,1508.5,14,540.5,0,0,8,-1.099999999961,,
336,0,train,336,40,1307.0,14,547.5,0,1,8,-1.0799999999612,,
337,0,train,337,40,1327.0,14,554.5,0,0,8,-1.099999999961,,
338,0,train,338,37,1160.5,14,561.5,0,1,8,-1.0399999999615999,,
339,0,train,339,35,1041.5,14,568.5,0,0,8,-1.0299999999617,,
340,0,train,340,35,1059.0,14,575.5,0,2,8,-1.0499999999615,,
341,0,train,341,33,959.0,14,582.5,0,0,8,-1.0099999999619,,
342,0,train,342,32,944.5,14,589.5,0,3,8,-1.0099999999618998,,
343,0,train,343,31,915.5,14,596.5,0,1,8,-0.9999999999620002,,
344,0,train,344,29,890.0,14,603.5,0,2,8,-0.9699999999622997,,
345,0,train,345,29,904.5,14,610.5,0,2,8,-0.9899999999620999,,
346,0,train,346,29,912.0,14,617.5,0,2,8,-0.9899999999620999,,
347,0,train,347,29,926.5,14,624.5,0,0,8,-0.9899999999620999,,
348,0,train,348,29,941.0,14,631.5,0,1,8,-0.9899999999620999,,
349,0,train,349,31,958.5,14,638.5,0,1,8,-1.0299999999617002,,
350,0,train,350,31,974.0,14,645.5,0,0,8,-1.0099999999619,,
351,0,train,351,31,983.5,14,652.5,0,1,8,-1.0099999999619,,
352,0,train,352,31,999.0,14,659.5,0,0,8,-1.0099999999619,,
353,0,train,353,31,1014.5,14,666.5,0,1,8,-1.0099999999619,,
354,0,train,354,33,1033.0,14,673.5,0,0,8,-1.0499999999615,,
355,0,train,355,33,1049.5,14,680.5,0,0,8,-1.0299999999617,,
356,0,train,356,33,1066.0,14,687.5,0,1,8,-1.0299999999617,,
357,0,train,357,34,1084.0,14,694.5,0,0,8,-1.0499999999614997,,
358,0,train,358,34,1089.5,14,701.5,0,0,8,-1.0399999999615999,,
359,0,train,359,34,1106.5,14,708.5,0,2,8,-1.0399999999615999,,
360,0,train,360,35,1125.0,14,715.5,0,1,8,-1.0599999999614,,
361,0,train,361,36,1144.0,14,722.5,0,0,8,-1.0699999999612997,,
362,0,train,362,36,1162.0,14,729.5,0,1,8,-1.0599999999613998,,
363,0,train,363,37,1181.5,14,736.5,0,0,8,-1.0799999999612,,
364,0,train,364,38,1201.5,14,743.5,0,0,8,-1.0899999999611,,
365,0,train,365,38,1220.5,14,750.5,0,0,8,-1.0799999999612,,
366,0,train,366,38,1239.5,14,757.5,0,0,8,-1.0799999999612,,
367,0,train,367,40,1261.5,14,764.5,0,0,8,-1.1199999999608,,
368,0,train,368,40,1281.5,14,771.5,0,1,9,-1.339999999961,,
369,0,train,369,41,1303.0,14,778.5,0,1,9,-1.1199999999608001,,
370,0,train,370,42,1325.0,14,785.5,0,1,9,-1.1299999999606998,,
371,0,train,371,42,1346.0,14,792.5,0,1,9,-1.1199999999608,,
372,0,train,372,43,1368.5,14,799.5,0,1,9,-1.1399999999606,,
373,0,train,373,44,1391.5,14,806.5,0,0,9,-1.1499999999604997,,
374,0,train,374,45,1415.0,14,813.5,0,2,9,-1.1599999999604,,
375,0,train,375,46,1439.0,14,820.5,0,0,9,-1.1699999999602997,,
376,0,train,376,47,1463.5,14,827.5,0,0,9,-1.1799999999602,,
377,0,train,377,48,1488.5,14,834.5,0,0,9,-1.1899999999601,,
378,0,train,378,49,1514.0,14,841.5,0,2,9,-1.1999999999599997,,
379,0,train,379,47,1338.0,10,674.0,0,0,0,-1.7499999999805,,
380,0,train,380,48,1220.5,10,679.0,0,0,0,-0.9899999999701001,,
381,0,train,381,46,1134.5,10,684.0,0,1,0,-0.9399999999705999,,
382,0,train,382,46,1157.5,10,689.0,0,1,0,-0.9599999999704,,
383,0,train,383,46,1100.5,10,694.0,0,1,0,-0.9599999999704,,
384,0,train,384,45,1051.5,10,699.0,0,0,0,-0.9399999999706,,
385,0,train,385,46,1075.5,9,674.5,0,2,0,-0.8699999999753001,,
386,0,train,386,44,1031.5,8,620.5,0,0,0,-0.7699999999783,,
387,0,train,387,46,1056.5,6,418.0,0,0,0,-0.6799999999851998,,
388,0,train,388,44,1037.0,6,421.0,0,0,0,-0.7199999999808,,
389,0,train,389,45,1060.5,6,424.0,0,0,0,-0.7599999999804001,,
390,0,train,390,44,1049.5,5,364.5,0,0,0,-0.6299999999856998,,
391,0,train,391,45,1073.0,5,367.0,0,1,0,-0.7099999999829001,,
392,0,train,392,44,1064.0,5,369.5,0,1,0,-0.6799999999831998,,
393,0,train,393,44,1086.0,4,323.5,0,1,0,-0.5899999999881,,
394,0,train,394,43,1097.5,4,325.5,0,0,0,-0.6199999999858,,
395,0,train,395,43,1119.0,4,327.5,0,0,0,-0.6299999999857,,
396,0,train,396,43,1140.5,4,329.5,0,0,0,-0.6299999999857,,
397,0,train,397,43,1162.0,3,271.0,0,0,0,-0.5299999999906999,,
398,0,train,398,43,1183.5,3,272.5,0,0,0,-0.5799999999882,,
399,0,train,399,43,1205.0,3,274.0,0,0,0,-0.5799999999882,,
400,0,train,400,43,1226.5,3,275.5,0,1,0,-0.5799999999882,,
401,0,train,401,43,1248.0,3,277.0,0,0,0,-0.5799999999882,,
402,0,train,402,43,1269.5,3,278.5,0,0,0,-0.5799999999882,,
403,0,train,403,44,1292.5,3,280.0,0,1,0,-0.5999999999879999,,
404,0,train,404,45,1316.0,2,119.5,0,0,0,-0.5099999999929,,
405,0,train,405,45,1338.5,2,120.5,0,0,0,-0.5499999999905,,
406,0,train,406,45,1361.0,2,121.5,0,0,0,-0.5499999999905,,
407,0,train,407,45,1383.5,2,122.5,0,0,0,-0.5499999999905,,
408,0,train,408,45,1406.0,2,123.5,0,0,0,-0.5499999999905,,
409,0,train,409,46,1430.0,2,124.5,0,0,0,-0.5699999999902999,,
410,0,train,410,48,1456.0,2,125.5,0,0,0,-0.5999999999900001,,
411,0,train,411,48,1480.0,2,126.5,0,0,0,-0.5799999999902,,
412,0,train,412,48,1504.0,2,127.5,0,1,0,-0.5799999999902,,
413,0,train,413,48,1528.0,2,128.5,0,0,0,-0.5799999999902,,
414,0,train,414,49,1553.5,2,129.5,0,0,0,-0.59999999999,,
415,0,train,415,49,1578.0,2,130.5,0,2,0,-0.5899999999901,,
416,0,train,416,49,1602.5,2,131.5,0,0,0,-0.5899999999901,,
417,0,train,417,50,1628.5,2,132.5,0,0,0,-0.6099999999899,,
418,0,train,418,50,1653.5,2,133.5,0,0,0,-0.59999999999,,
419,0,train,419,50,1678.5,2,134.5,0,0,0,-0.59999999999,,
420,0,train,420,51,1700.0,2,135.5,0,1,0,-0.6199999999897999,,
421,0,train,421,50,1720.5,2,136.5,0,1,0,-0.5899999999901,,
422,0,train,422,49,1741.5,2,137.5,0,0,0,-0.5799999999902,,
423,0,train,423,50,1767.5,2,138.5,0,1,0,-0.6099999999899,,
424,0,train,424,53,1795.0,2,139.5,0,0,0,-0.6599999999893998,,
425,0,train,425,53,1820.5,2,140.5,0,1,0,-0.6299999999896999,,
426,0,train,426,52,1845.0,2,141.5,0,2,0,-0.6099999999899,,
427,0,train,427,52,1871.0,2,142.5,0,1,1,-2.4199999999898,,
428,0,train,428,55,1901.5,2,143.5,0,1,1,-0.6799999999892,,
429,0,train,429,55,1929.0,2,144.5,0,0,1,-0.6499999999895,,
430,0,train,430,55,1956.5,2,145.5,0,0,1,-0.6499999999895,,
431,0,train,431,55,1984.0,2,146.5,0,0,1,-0.6499999999895,,
432,0,train,432,55,2011.5,2,147.5,0,0,1,-0.6499999999895,,
433,0,train,433,55,2039.0,2,148.5,0,0,1,-0.6499999999895,,
434,0,train,434,55,2066.5,2,149.5,0,1,1,-0.6499999999895,,
435,0,train,435,56,2095.5,2,150.5,0,1,1,-0.6699999999892999,,
436,0,train,436,56,2123.5,2,151.5,0,0,1,-0.6599999999894,,
437,0,train,437,56,2151.5,2,152.5,0,0,1,-0.6599999999894,,
438,0,train,438,56,2179.5,2,153.5,0,1,1,-0.6599999999894,,
439,0,train,439,56,2207.5,2,154.5,0,0,1,-0.6599999999894,,
440,0,train,440,54,2182.5,2,155.5,0,0,1,-0.6199999999898,,
441,0,train,441,54,2209.5,2,156.5,0,1,1,-0.6399999999896,,
442,0,train,442,54,2236.5,2,157.5,0,0,1,-0.6399999999896,,
443,0,train,443,54,2263.5,2,158.5,0,0,1,-0.6399999999896,,
444,0,train,444,54,2290.5,3,161.0,0,0,1,-0.7399999999846001,,
445,0,train,445,55,2319.0,3,162.5,0,0,1,-0.7099999999869,,
446,0,train,446,55,2346.5,3,164.0,0,1,1,-0.699999999987,,
447,0,train,447,55,2374.0,3,165.5,0,0,1,-0.699999999987,,
448,0,train,448,55,2401.5,4,168.5,0,0,1,-0.7999999999819999,,
449,0,train,449,55,2429.0,4,170.5,0,0,1,-0.7499999999845,,
450,0,train,450,55,2456.5,5,174.0,0,0,1,-0.8499999999795,,
451,0,train,451,55,2484.0,5,176.5,0,1,1,-0.799999999982,,
452,0,train,452,56,2513.0,5,179.0,0,0,1,-0.8199999999818,,
453,0,train,453,58,2544.0,5,181.5,0,0,1,-0.8499999999814999,,
454,0,train,454,59,2574.5,5,184.0,0,0,1,-0.8499999999815001,,
455,0,train,455,59,2604.0,5,186.5,0,0,1,-0.8399999999816,,
456,0,train,456,58,2590.5,5,189.0,0,1,1,-0.8199999999817998,,
457,0,train,457,58,2619.5,5,191.5,0,0,1,-0.8299999999816999,,
458,0,train,458,58,2648.5,5,194.0,0,0,1,-0.8299999999816999,,
459,0,train,459,58,2677.5,5,196.5,0,0,1,-0.8299999999816999,,
460,0,train,460,58,2706.5,5,199.0,0,0,1,-0.8299999999816999,,
461,0,train,461,58,2735.5,5,201.5,0,0,1,-0.8299999999816999,,
462,0,train,462,60,2767.5,5,204.0,0,1,1,-0.8699999999813001,,
463,0,train,463,60,2752.0,5,206.5,0,0,1,-0.8499999999815,,
464,0,train,464,60,2782.0,5,209.0,0,0,1,-0.8499999999815,,
465,0,train,465,60,2812.0,5,211.5,0,3,1,-0.8499999999815,,
466,0,train,466,58,2741.0,6,215.5,1,0,1,-0.9099999999768997,,
467,0,train,467,59,2771.5,7,220.0,0,0,1,-0.9999999999740001,,
468,0,train,468,59,2801.0,7,223.5,0,1,1,-0.9399999999766,,
469,0,train,469,57,2720.5,7,227.0,0,0,1,-0.8999999999769999,,
470,0,train,470,57,2749.0,7,230.5,0,0,1,-0.9199999999767999,,
471,0,train,471,55,2659.5,7,234.0,0,0,1,-0.8799999999772,,
472,0,train,472,55,2687.0,7,237.5,0,0,1,-0.899999999977,,
473,0,train,473,55,2714.5,7,241.0,0,0,1,-0.899999999977,,
474,0,train,474,56,2743.5,7,244.5,0,0,1,-0.9199999999767999,,
475,0,train,475,57,2773.0,7,248.0,0,0,1,-0.9299999999766999,,
476,0,train,476,58,2803.0,8,253.0,0,0,1,-1.0399999999716,,
477,0,train,477,58,2832.0,8,257.0,0,0,1,-0.9799999999742,,
478,0,train,478,60,2864.0,9,262.5,0,0,1,-1.1199999999688,,
479,0,train,479,60,2894.0,9,267.0,0,0,1,-1.0499999999715,,
480,0,train,480,60,2924.0,9,271.5,0,0,1,-1.0499999999715,,
481,0,train,481,63,2958.5,9,276.0,0,0,1,-1.1099999999709,,
482,0,train,482,63,2990.0,11,283.5,0,0,1,-1.2799999999612002,,
483,0,train,483,65,3024.5,10,287.0,0,1,1,-1.1199999999708,,
484,0,train,484,65,3057.0,10,292.0,0,0,1,-1.1499999999685,,
485,0,train,485,65,3089.5,10,297.0,1,0,1,-1.1499999999685,,
486,0,train,486,66,3123.5,12,305.0,0,1,1,-1.3699999999583,,
487,0,train,487,67,3158.0,12,311.0,0,0,1,-1.2799999999632001,,
488,0,train,488,67,3191.5,12,317.0,0,0,2,-1.5099999999633,,
489,0,train,489,67,3225.0,12,323.0,0,0,2,-1.2699999999633,,
490,0,train,490,68,3260.0,12,329.0,0,0,2,-1.2899999999630998,,
491,0,train,491,68,3294.0,12,335.0,0,0,2,-1.2799999999632,,
492,0,train,492,68,3328.0,12,341.0,0,0,2,-1.2799999999632,,
493,0,train,493,66,3354.0,12,347.0,0,1,2,-1.2399999999636,,
494,0,train,494,66,3387.0,12,353.0,0,0,2,-1.2599999999634,,
495,0,train,495,67,3421.5,13,360.5,0,0,2,-1.3799999999582002,,
496,0,train,496,67,3455.0,12,365.0,0,1,2,-1.2199999999658,,
497,0,train,497,65,3208.5,12,371.0,0,0,3,-2.4299999999637,,
498,0,train,498,63,2974.0,12,377.0,0,1,3,-1.2099999999639,,
499,0,train,499,62,2766.0,13,384.5,0,0,3,-1.3099999999588998,,
500,0,train,500,62,2797.0,13,391.0,0,0,3,-1.2699999999612999,,
501,0,train,501,60,2634.5,13,397.5,0,1,3,-1.2299999999617004,,
502,0,train,502,60,2605.0,13,404.0,0,1,3,-1.2499999999615001,,
503,0,train,503,58,2353.0,13,410.5,0,0,3,-1.2099999999618998,,
504,0,train,504,56,2225.0,13,417.0,0,2,3,-1.1899999999621,,
505,0,train,505,55,2186.5,13,423.5,0,0,3,-1.1899999999620998,,
506,0,train,506,54,2173.5,13,430.0,0,0,3,-1.1799999999622002,,
507,0,train,507,54,2157.0,13,436.5,0,2,3,-1.1899999999621,,
508,0,train,508,53,2169.0,13,443.0,0,0,3,-1.1699999999622999,,
509,0,train,509,54,2154.5,14,451.0,0,0,3,-1.2999999999570002,,
510,0,train,510,53,2151.0,14,458.0,0,1,3,-1.2199999999597995,,
511,0,train,511,56,2182.0,14,465.0,0,0,3,-1.2899999999590999,,
512,0,train,512,55,2186.0,14,472.0,0,0,3,-1.2399999999596,,
513,0,train,513,56,2215.0,14,479.0,0,0,3,-1.2699999999592997,,
514,0,train,514,55,2222.0,14,486.0,0,1,3,-1.2399999999596,,
515,0,train,515,55,2249.5,14,493.0,0,0,3,-1.2499999999595,,
516,0,train,516,55,2262.5,14,500.0,0,0,3,-1.2499999999595,,
517,0,train,517,56,2291.5,14,507.0,1,0,3,-1.2699999999592997,,
518,0,train,518,55,2310.0,14,514.0,0,0,3,-1.2399999999596,,
519,0,train,519,55,2337.5,14,521.0,0,0,3,-1.2499999999595,,
520,0,train,520,56,2366.5,14,528.0,0,0,3,-1.2699999999592997,,
521,0,train,521,56,2394.5,14,535.0,0,1,3,-1.2599999999593998,,
522,0,train,522,56,2422.5,14,542.0,1,1,3,-1.2599999999593998,,
523,0,train,523,57,2452.0,14,549.0,0,1,3,-1.2799999999592,,
524,0,train,524,57,2480.5,14,556.0,0,0,3,-1.2699999999593,,
525,0,train,525,59,2512.0,14,563.0,0,0,3,-1.3099999999588998,,
526,0,train,526,59,2541.5,14,570.0,0,0,3,-1.2899999999590999,,
527,0,train,527,60,2572.5,14,577.0,0,2,3,-1.3099999999589,,
528,0,train,528,61,2604.0,14,584.0,0,2,3,-1.3199999999588001,,
529,0,train,529,61,2634.5,14,591.0,0,2,3,-1.3099999999589,,
530,0,train,530,62,2666.5,14,598.0,0,0,3,-1.3299999999586998,,
531,0,train,531,63,2699.0,14,605.0,0,1,3,-1.3399999999585996,,
532,0,train,532,62,2726.5,14,612.0,0,1,3,-1.3099999999589,,
533,0,train,533,65,2762.0,14,619.0,0,1,3,-1.3799999999582,,
534,0,train,534,66,2796.0,14,626.0,0,0,3,-1.3699999999582997,,
535,0,train,535,66,2829.0,14,633.0,0,0,3,-1.3599999999583998,,
536,0,train,536,66,2862.0,14,640.0,0,1,3,-1.3599999999583998,,
537,0,train,537,67,2896.5,14,647.0,0,0,3,-1.3799999999582,,
538,0,train,538,68,2931.5,14,654.0,0,0,3,-1.3899999999581,,
539,0,train,539,70,2968.5,14,661.0,0,0,3,-1.4199999999578,,
540,0,train,540,71,3005.0,14,668.0,0,0,3,-1.4199999999578001,,
541,0,train,541,72,3042.0,14,675.0,0,1,3,-1.4299999999576998,,
542,0,train,542,73,3079.5,14,682.0,0,0,3,-1.4399999999575996,,
543,0,train,543,74,3117.5,14,689.0,0,1,3,-1.4499999999575004,,
544,0,train,544,75,3156.0,14,696.0,0,0,3,-1.4599999999573998,,
545,0,train,545,76,3195.0,14,703.0,0,0,3,-1.4699999999572997,,
546,0,train,546,76,3233.0,14,710.0,0,1,3,-1.4599999999573998,,
547,0,train,547,77,3272.5,14,717.0,0,0,3,-1.4799999999572,,
548,0,train,548,79,3314.0,14,724.0,0,1,3,-1.5099999999568998,,
549,0,train,549,79,3353.5,14,731.0,0,0,3,-1.4899999999570999,,
550,0,train,550,79,3393.0,14,738.0,0,0,3,-1.4899999999570999,,
551,0,train,551,79,3432.5,14,745.0,0,1,3,-1.4899999999570999,,
552,0,train,552,79,3472.0,14,752.0,0,0,3,-1.4899999999570999,,
553,0,train,553,80,3513.0,14,759.0,0,0,3,-1.5099999999569,,
554,0,train,554,80,3553.0,14,766.0,0,0,3,-1.499999999957,,
555,0,train,555,81,3594.5,14,773.0,0,0,3,-1.5199999999568001,,
556,0,train,556,81,3635.0,14,780.0,0,1,4,-1.7499999999569,,
557,0,train,557,81,3675.5,14,787.0,0,0,4,-1.5099999999569,,
558,0,train,558,82,3717.5,14,794.0,0,0,4,-1.5299999999566998,,
559,0,train,559,82,3758.5,14,801.0,0,0,4,-1.5199999999568,,
560,0,train,560,82,3799.5,14,808.0,0,1,4,-1.5199999999568,,
561,0,train,561,82,3840.5,14,815.0,0,1,4,-1.5199999999568,,
562,0,train,562,82,3881.5,14,822.0,0,1,4,-1.5199999999568,,
563,0,train,563,82,3922.5,14,829.0,0,1,4,-1.5199999999568,,
564,0,train,564,79,3616.5,11,656.5,0,0,5,-2.1599999999724004,,
565,0,train,565,75,3322.5,11,662.0,0,0,5,-1.2599999999654,,
566,0,train,566,71,3049.0,10,616.5,0,0,5,-1.1199999999707997,,
567,0,train,567,71,3084.5,10,621.5,0,0,5,-1.2099999999678999,,
568,0,train,568,67,2839.5,10,626.5,0,0,5,-1.1299999999687,,
569,0,train,569,63,2610.0,10,631.5,0,1,5,-1.0899999999691001,,
570,0,train,570,65,2644.5,10,636.5,0,0,5,-1.1699999999683,,
571,0,train,571,61,2466.5,10,641.5,0,0,5,-1.0699999999692997,,
572,0,train,572,58,2329.0,9,602.0,0,1,5,-0.9499999999745001,,
573,0,train,573,57,2335.5,7,506.5,0,0,5,-0.8099999999818999,,
574,0,train,574,55,2210.5,6,366.5,0,0,5,-0.7799999999822002,,
575,0,train,575,54,2216.0,5,319.5,0,1,5,-0.7299999999847,,
576,0,train,576,50,2097.0,5,322.0,0,0,5,-0.7099999999829,,
577,0,train,577,50,2085.0,5,324.5,0,0,5,-0.7499999999825,,
578,0,train,578,47,2033.0,5,327.0,0,0,5,-0.6899999999830999,,
579,0,train,579,47,2033.5,5,329.5,0,0,5,-0.7199999999828,,
580,0,train,580,45,2003.5,5,332.0,0,0,5,-0.6799999999832,,
581,0,train,581,46,2005.0,5,334.5,0,0,5,-0.7199999999828,,
582,0,train,582,44,1983.5,4,187.0,0,1,5,-0.5699999999883,,
583,0,train,583,42,1984.0,4,189.0,0,0,5,-0.5999999999860001,,
584,0,train,584,43,2006.5,3,152.0,0,0,5,-0.5399999999905999,,
585,0,train,585,42,2019.0,3,153.5,0,1,5,-0.5599999999884,,
586,0,train,586,42,2040.0,3,155.0,0,0,5,-0.5699999999883,,
587,0,train,587,42,2058.5,3,156.5,0,1,5,-0.5699999999883,,
588,0,train,588,43,2081.0,3,158.0,0,0,5,-0.5899999999880999,,
589,0,train,589,44,2104.0,3,159.5,0,0,5,-0.5999999999879999,,
590,0,train,590,46,2129.0,3,161.0,0,0,5,-0.6299999999877001,,
591,0,train,591,47,2153.5,3,162.5,0,0,5,-0.6299999999877,,
592,0,train,592,47,2177.0,3,164.0,0,0,5,-0.6199999999878,,
593,0,train,593,50,2205.0,3,165.5,0,1,5,-0.6799999999872001,,
594,0,train,594,50,2230.0,3,167.0,0,0,5,-0.6499999999875,,
595,0,train,595,50,2255.0,3,168.5,0,0,5,-0.6499999999875,,
596,0,train,596,50,2280.0,3,170.0,0,0,5,-0.6499999999875,,
597,0,train,597,51,2306.5,3,171.5,0,0,5,-0.6699999999873,,
598,0,train,598,51,2323.0,3,173.0,0,0,5,-0.6599999999874,,
599,0,train,599,50,2339.5,3,174.5,0,0,5,-0.6399999999876,,
600,0,train,600,51,2366.0,3,176.0,0,1,5,-0.6699999999873,,
601,0,train,601,50,2383.5,3,177.5,0,0,5,-0.6399999999876,,
602,0,train,602,50,2402.5,3,179.0,0,1,6,-2.4499999999875,,
603,0,train,603,50,2427.5,3,180.5,1,0,6,-0.6499999999875,,
604,0,train,604,51,2448.5,3,182.0,0,1,6,-0.6699999999873,,
605,0,train,605,51,2470.0,3,183.5,0,1,6,-0.6599999999874,,
606,0,train,606,52,2497.0,3,185.0,0,0,6,-0.6799999999872,,
607,0,train,607,52,2519.5,3,186.5,0,1,6,-0.6699999999873,,
608,0,train,608,53,2547.0,3,188.0,0,0,6,-0.6899999999870999,,
609,0,train,609,52,2568.5,3,189.5,0,1,6,-0.6599999999874,,
610,0,train,610,51,2590.5,3,191.0,0,1,6,-0.6499999999875,,
611,0,train,611,50,2612.5,3,192.5,0,0,6,-0.6399999999876,,
612,0,train,612,50,2637.5,3,194.0,1,1,6,-0.6499999999875,,
613,0,train,613,50,2662.5,3,195.5,0,2,6,-0.6499999999875,,
614,0,train,614,50,2687.5,3,197.0,0,1,6,-0.6499999999875,,
615,0,train,615,50,2712.5,3,198.5,0,0,6,-0.6499999999875,,
616,0,train,616,50,2737.5,3,200.0,0,1,6,-0.6499999999875,,
617,0,train,617,50,2762.5,3,201.5,0,2,6,-0.6499999999875,,
618,0,train,618,50,2787.5,3,203.0,0,0,6,-0.6499999999875,,
619,0,train,619,50,2812.5,3,204.5,0,1,6,-0.6499999999875,,
620,0,train,620,51,2839.0,3,206.0,0,1,6,-0.6699999999873,,
621,0,train,621,51,2864.5,3,207.5,0,0,6,-0.6599999999874,,
622,0,train,622,51,2890.0,3,209.0,0,0,6,-0.6599999999874,,
623,0,train,623,51,2915.5,3,210.5,0,0,6,-0.6599999999874,,
624,0,train,624,51,2941.0,3,212.0,0,0,6,-0.6599999999874,,
625,0,train,625,51,2966.5,4,215.0,0,0,6,-0.7599999999824001,,
626,0,train,626,52,2993.5,4,217.0,0,0,6,-0.7299999999846998,,
627,0,train,627,52,3019.5,4,219.0,1,0,6,-0.7199999999847999,,
628,0,train,628,53,3047.0,4,221.0,0,0,6,-0.7399999999846001,,
629,0,train,629,53,3073.5,4,223.0,0,0,7,-0.9699999999847,,
630,0,train,630,53,3100.0,4,225.0,0,0,7,-0.7299999999847,,
631,0,train,631,53,3126.5,4,227.0,0,0,7,-0.7299999999847,,
632,0,train,632,54,3154.5,4,229.0,0,0,7,-0.7499999999845002,,
633,0,train,633,55,3183.0,4,231.0,0,0,7,-0.7599999999843998,,
634,0,train,634,56,3212.0,4,233.0,0,0,7,-0.7699999999843001,,
635,0,train,635,54,2978.0,4,235.0,0,0,8,-1.9199999999848,,
636,0,train,636,52,2747.5,4,237.0,0,0,8,-0.6999999999849997,,
637,0,train,637,52,2523.5,4,239.0,0,0,8,-0.7199999999847999,,
638,0,train,638,51,2317.5,4,241.0,0,0,8,-0.6999999999850002,,
639,0,train,639,49,2049.5,4,243.0,1,0,8,-0.6699999999852999,,
640,0,train,640,47,1787.0,4,245.0,0,0,8,-0.6499999999854998,,
641,0,train,641,45,1660.5,4,247.0,0,0,8,-0.6299999999857,,
642,0,train,642,45,1588.5,4,249.0,0,0,8,-0.6499999999855,,
643,0,train,643,43,1391.5,5,252.5,0,0,8,-0.7099999999809001,,
644,0,train,644,43,1356.0,5,255.0,0,0,8,-0.6799999999832,,
645,0,train,645,41,1255.5,6,259.0,0,0,8,-0.7399999999785998,,
646,0,train,646,38,1142.5,6,262.0,0,0,8,-0.6499999999815,,
647,0,train,647,38,1128.5,6,265.0,0,0,8,-0.6799999999812,,
648,0,train,648,39,1128.0,6,268.0,0,0,8,-0.6999999999809999,,
649,0,train,649,39,1080.5,6,271.0,0,1,8,-0.6899999999811,,
650,0,train,650,37,1069.0,6,274.0,0,0,8,-0.6499999999815,,
651,0,train,651,36,1073.5,6,277.0,0,0,8,-0.6499999999814998,,
652,0,train,652,35,1077.5,6,280.0,0,0,8,-0.6399999999816002,,
653,0,train,653,36,1096.5,6,283.0,1,1,8,-0.6699999999812998,,
654,0,train,654,36,1114.5,6,286.0,0,0,8,-0.6599999999813999,,
655,0,train,655,36,1132.5,6,289.0,0,1,8,-0.6599999999813999,,
656,0,train,656,38,1153.5,6,292.0,0,0,8,-0.699999999981,,
657,0,train,657,38,1172.5,6,295.0,0,1,8,-0.6799999999812,,
658,0,train,658,39,1193.0,6,298.0,0,1,8,-0.6999999999809999,,
659,0,train,659,39,1212.5,6,301.0,0,1,8,-0.6899999999811,,
660,0,train,660,40,1233.5,6,304.0,0,0,8,-0.7099999999809001,,
661,0,train,661,41,1255.0,6,307.0,0,1,8,-0.7199999999807998,,
662,0,train,662,40,1264.0,6,310.0,0,0,8,-0.6899999999811002,,
663,0,train,663,40,1284.0,6,313.0,0,1,8,-0.699999999981,,
664,0,train,664,41,1305.5,6,316.0,0,0,8,-0.7199999999807998,,
665,0,train,665,41,1326.0,6,319.0,0,0,8,-0.7099999999808999,,
666,0,train,666,42,1348.0,6,322.0,0,0,8,-0.7299999999807001,,
667,0,train,667,42,1369.0,6,325.0,0,0,8,-0.7199999999808,,
668,0,train,668,43,1391.5,6,328.0,0,0,8,-0.7399999999806,,
669,0,train,669,44,1414.5,6,331.0,0,1,8,-0.7499999999804999,,
670,0,train,670,45,1438.0,7,335.5,0,1,8,-0.8599999999754,,
671,0,train,671,46,1462.0,7,339.0,0,0,8,-0.8199999999777999,,
672,0,train,672,47,1486.5,7,342.5,0,2,8,-0.8299999999776999,,
673,0,train,673,49,1513.0,7,346.0,0,0,8,-0.8599999999774001,,
674,0,train,674,50,1539.0,7,349.5,0,1,8,-0.8599999999774,,
675,0,train,675,50,1564.0,7,353.0,0,0,8,-0.8499999999775,,
676,0,train,676,51,1590.5,7,356.5,0,0,8,-0.8699999999772999,,
677,0,train,677,52,1617.5,7,360.0,0,2,8,-0.8799999999771999,,
678,0,train,678,52,1643.5,7,363.5,0,1,8,-0.8699999999772999,,
679,0,train,679,52,1669.5,7,367.0,0,0,8,-0.8699999999772999,,
680,0,train,680,53,1697.0,8,372.0,0,2,8,-0.9899999999721,,
681,0,train,681,53,1723.5,8,376.0,0,0,8,-0.9299999999747,,
682,0,train,682,53,1750.0,9,381.5,0,2,8,-1.0299999999697,,
683,0,train,683,54,1778.0,9,386.0,0,1,8,-0.9999999999720002,,
684,0,train,684,55,1806.5,10,392.0,0,3,8,-1.1099999999669,,
685,0,train,685,57,1837.0,8,392.0,0,0,8,-0.8899999999791,,
686,0,train,686,57,1865.5,8,396.0,0,0,8,-0.9699999999743,,
687,0,train,687,58,1895.5,9,401.5,0,2,8,-1.0899999999691001,,
688,0,train,688,58,1924.5,12,410.5,0,0,9,-1.5699999999566998,,
689,0,train,689,58,1953.5,12,416.5,0,1,9,-1.1799999999642,,
690,0,train,690,58,1982.5,12,422.5,0,2,9,-1.1799999999642,,
691,0,train,691,58,2011.5,12,428.5,0,1,9,-1.1799999999642,,
692,0,train,692,58,2040.5,12,434.5,0,0,9,-1.1799999999642,,
693,0,train,693,58,2069.5,11,436.5,0,3,9,-1.0799999999691998,,
694,0,train,694,58,2098.5,12,443.5,0,0,9,-1.2299999999617,,
695,0,train,695,58,2127.5,12,449.5,0,0,9,-1.1799999999642,,
696,0,train,696,60,2159.5,12,455.5,0,2,9,-1.2199999999638003,,
697,0,train,697,61,2191.0,13,463.0,0,0,9,-1.3199999999588,,
698,0,train,698,61,2221.5,13,469.5,0,0,9,-1.2599999999614,,
699,0,train,699,61,2252.0,13,476.0,0,2,9,-1.2599999999614,,
700,0,train,700,57,2004.0,10,384.5,0,0,0,-1.8799999999772,,
701,0,train,701,53,1792.5,10,389.5,0,0,0,-0.9899999999701001,,
702,0,train,702,50,1621.0,9,390.5,0,1,0,-0.8699999999752999,,
703,0,train,703,50,1622.5,9,395.0,0,0,0,-0.9499999999725,,
704,0,train,704,48,1481.0,9,399.5,0,1,0,-0.9099999999729,,
705,0,train,705,45,1330.0,9,404.0,0,1,0,-0.8699999999732999,,
706,0,train,706,47,1355.5,10,410.0,0,1,0,-1.0399999999676,,
707,0,train,707,44,1210.0,9,404.0,0,1,0,-0.8099999999759,,
708,0,train,708,41,1069.0,7,385.0,0,2,0,-0.6299999999836999,,
709,0,train,709,41,1089.5,6,372.5,0,1,0,-0.6599999999833999,,
710,0,train,710,38,978.0,6,375.5,0,0,0,-0.6499999999815,,
711,0,train,711,39,998.5,5,356.5,0,0,0,-0.5999999999859998,,
712,0,train,712,37,902.0,5,359.0,0,1,0,-0.599999999984,,
713,0,train,713,34,812.0,4,253.0,0,1,0,-0.4599999999894,,
714,0,train,714,34,829.0,4,255.0,0,0,0,-0.5399999999866,,
715,0,train,715,32,752.5,4,257.0,0,2,0,-0.49999999998700007,,
716,0,train,716,32,731.5,4,259.0,0,1,0,-0.5199999999868,,
717,0,train,717,32,704.0,4,261.0,0,2,0,-0.5199999999868,,
718,0,train,718,32,697.0,4,263.0,0,0,0,-0.5199999999868,,
719,0,train,719,30,692.0,3,145.0,0,2,0,-0.3799999999922,,
720,0,train,720,29,688.0,3,146.5,0,0,0,-0.42999999998969984,,
721,0,train,721,28,692.0,3,148.0,0,0,0,-0.4199999999898,,
722,0,train,722,27,702.0,2,25.0,0,2,0,-0.30999999999490013,,
723,0,train,723,26,708.5,2,26.0,0,0,0,-0.34999999999249987,,
724,0,train,724,26,721.5,2,27.0,0,1,0,-0.35999999999239995,,
725,0,train,725,26,734.5,2,28.0,0,1,0,-0.35999999999239995,,
726,0,train,726,26,747.5,2,29.0,0,2,0,-0.35999999999239995,,
727,0,train,727,27,762.0,2,30.0,0,1,0,-0.37999999999220013,,
728,0,train,728,28,777.0,2,31.0,0,1,0,-0.3899999999921,,
729,0,train,729,28,791.0,2,32.0,0,0,0,-0.3799999999922,,
730,0,train,730,30,808.0,2,33.0,0,0,0,-0.41999999999179993,,
731,0,train,731,31,824.5,2,34.0,1,0,0,-0.41999999999179993,,
732,0,train,732,31,840.0,2,35.0,0,1,0,-0.40999999999189995,,
733,0,train,733,32,857.0,2,36.0,0,1,0,-0.42999999999170013,,
734,0,train,734,32,873.0,2,37.0,0,0,0,-0.41999999999180004,,
735,0,train,735,32,889.0,2,38.0,0,1,0,-0.41999999999180004,,
736,0,train,736,33,906.5,2,39.0,0,1,0,-0.4399999999916,,
737,0,train,737,33,923.0,2,40.0,0,0,1,-2.2299999999917,,
738,0,train,738,33,939.5,2,41.0,0,0,1,-0.4299999999917,,
739,0,train,739,35,959.0,2,42.0,0,2,1,-0.46999999999129993,,
740,0,train,740,35,976.5,2,43.0,0,1,1,-0.4499999999915,,
741,0,train,741,35,994.0,2,44.0,0,1,1,-0.4499999999915,,
742,0,train,742,36,1013.0,2,45.0,0,2,1,-0.46999999999129993,,
743,0,train,743,36,1026.0,2,46.0,0,0,1,-0.45999999999139995,,
744,0,train,744,36,1044.0,2,47.0,0,0,1,-0.45999999999139995,,
745,0,train,745,35,1056.0,2,48.0,0,1,1,-0.4399999999916,,
746,0,train,746,36,1075.0,2,49.0,0,0,1,-0.46999999999129993,,
747,0,train,747,35,1087.5,2,50.0,0,0,1,-0.4399999999916,,
748,0,train,748,37,1105.5,2,51.0,0,1,1,-0.4899999999911001,,
749,0,train,749,37,1124.0,2,52.0,0,1,1,-0.46999999999130004,,
750,0,train,750,37,1140.5,2,53.0,0,0,1,-0.46999999999130004,,
751,0,train,751,37,1157.5,2,54.0,0,1,1,-0.46999999999130004,,
752,0,train,752,38,1177.5,2,55.0,0,0,1,-0.4899999999911,,
753,0,train,753,37,1194.0,2,56.0,0,0,1,-0.45999999999140007,,
754,0,train,754,37,1212.5,2,57.0,0,2,1,-0.46999999999130004,,
755,0,train,755,37,1231.0,2,58.0,0,1,1,-0.46999999999130004,,
756,0,train,756,37,1249.5,2,59.0,0,0,1,-0.46999999999130004,,
757,0,train,757,37,1268.0,2,60.0,0,2,1,-0.46999999999130004,,
758,0,train,758,38,1288.0,2,61.0,0,0,1,-0.4899999999911,,
759,0,train,759,38,1307.0,2,62.0,0,1,1,-0.4799999999912,,
760,0,train,760,39,1327.5,2,63.0,1,1,1,-0.499999999991,,
761,0,train,761,39,1347.0,3,65.5,0,0,1,-0.5899999999860999,,
762,0,train,762,39,1366.5,3,67.0,0,1,1,-0.5399999999885999,,
763,0,train,763,39,1386.0,3,68.5,0,1,1,-0.5399999999885999,,
764,0,train,764,39,1405.5,3,70.0,0,0,1,-0.5399999999885999,,
765,0,train,765,39,1425.0,3,71.5,0,0,1,-0.5399999999885999,,
766,0,train,766,40,1446.0,3,73.0,1,0,1,-0.5599999999884001,,
767,0,train,767,40,1466.0,3,74.5,0,0,1,-0.5499999999885,,
768,0,train,768,41,1487.5,3,76.0,0,0,1,-0.5699999999883,,
769,0,train,769,41,1508.0,4,79.0,0,0,1,-0.6599999999834001,,
770,0,train,770,41,1528.5,5,82.5,0,0,1,-0.7099999999808999,,
771,0,train,771,41,1549.0,5,85.0,0,0,1,-0.6599999999834,,
772,0,train,772,41,1569.5,6,89.0,0,0,1,-0.7599999999783998,,
773,0,train,773,41,1590.0,6,92.0,0,0,1,-0.7099999999808999,,
774,0,train,774,41,1610.5,6,95.0,0,1,1,-0.7099999999808999,,
775,0,train,775,42,1632.5,6,98.0,0,0,1,-0.7299999999807001,,
776,0,train,776,42,1653.5,6,101.0,0,0,1,-0.7199999999808,,
777,0,train,777,42,1674.5,7,105.5,0,0,1,-0.8199999999758001,,
778,0,train,778,42,1695.5,7,109.0,0,0,1,-0.7699999999783,,
779,0,train,779,42,1716.5,7,112.5,0,0,1,-0.7699999999783,,
780,0,train,780,43,1739.0,7,116.0,0,0,1,-0.7899999999780998,,
781,0,train,781,45,1763.5,7,119.5,0,0,1,-0.8199999999778,,
782,0,train,782,45,1786.0,7,123.0,0,0,1,-0.799999999978,,
783,0,train,783,45,1808.5,7,126.5,0,0,1,-0.799999999978,,
784,0,train,784,46,1832.5,7,130.0,0,0,2,-1.0599999999778,,
785,0,train,785,44,1657.5,7,133.5,0,1,3,-1.9699999999783,,
786,0,train,786,42,1524.0,7,137.0,0,0,3,-0.7499999999785001,,
787,0,train,787,41,1438.0,7,140.5,0,0,3,-0.7499999999784999,,
788,0,train,788,42,1460.0,7,144.0,1,0,3,-0.7799999999782001,,
789,0,train,789,40,1424.0,7,147.5,0,0,3,-0.7299999999786999,,
790,0,train,790,39,1438.0,7,151.0,0,2,3,-0.7299999999787,,
791,0,train,791,39,1452.0,7,154.5,0,1,3,-0.7399999999786,,
792,0,train,792,39,1471.5,7,158.0,0,0,3,-0.7399999999786,,
793,0,train,793,41,1494.0,7,161.5,0,2,3,-0.7799999999781999,,
794,0,train,794,41,1514.5,7,165.0,0,0,3,-0.7599999999784,,
795,0,train,795,42,1536.5,7,168.5,0,1,3,-0.7799999999782001,,
796,0,train,796,42,1557.5,7,172.0,0,1,3,-0.7699999999783,,
797,0,train,797,43,1580.0,7,175.5,1,0,3,-0.7899999999780998,,
798,0,train,798,43,1601.5,7,179.0,0,0,3,-0.7799999999781999,,
799,0,train,799,43,1623.0,7,182.5,0,0,3,-0.7799999999781999,,
800,0,train,800,43,1644.5,7,186.0,0,0,3,-0.7799999999781999,,
801,0,train,801,43,1666.0,7,189.5,0,1,3,-0.7799999999781999,,
802,0,train,802,44,1689.0,7,193.0,0,0,3,-0.7999999999780001,,
803,0,train,803,44,1711.0,7,196.5,0,0,3,-0.7899999999781,,
804,0,train,804,44,1733.0,7,200.0,0,1,3,-0.7899999999781,,
805,0,train,805,45,1756.5,7,203.5,0,0,3,-0.8099999999779,,
806,0,train,806,47,1782.0,7,207.0,0,0,3,-0.8399999999775999,,
807,0,train,807,47,1805.5,7,210.5,0,0,3,-0.8199999999777999,,
808,0,train,808,47,1829.0,7,214.0,0,1,3,-0.8199999999777999,,
809,0,train,809,48,1854.0,7,217.5,0,0,3,-0.8399999999775999,,
810,0,train,810,48,1878.0,7,221.0,0,0,3,-0.8299999999776999,,
811,0,train,811,49,1903.5,7,224.5,0,0,3,-0.8499999999775001,,
812,0,train,812,49,1928.0,7,228.0,0,2,3,-0.8399999999776,,
813,0,train,813,49,1952.5,7,231.5,0,0,3,-0.8399999999776,,
814,0,train,814,49,1977.0,7,235.0,0,0,3,-0.8399999999776,,
815,0,train,815,50,2003.0,7,238.5,0,1,3,-0.8599999999774,,
816,0,train,816,50,2028.0,7,242.0,0,1,3,-0.8499999999775,,
817,0,train,817,50,2053.0,7,245.5,1,1,3,-0.8499999999775,,
818,0,train,818,51,2079.5,7,249.0,0,2,3,-0.8699999999772999,,
819,0,train,819,51,2105.0,7,252.5,0,0,3,-0.8599999999774,,
820,0,train,820,51,2130.5,7,256.0,0,2,3,-0.8599999999774,,
821,0,train,821,52,2157.5,7,259.5,0,1,3,-0.8799999999771999,,
822,0,train,822,52,2183.5,7,263.0,0,2,3,-0.8699999999772999,,
823,0,train,823,52,2209.5,7,266.5,0,1,3,-0.8699999999772999,,
824,0,train,824,52,2235.5,7,270.0,0,0,3,-0.8699999999772999,,
825,0,train,825,52,2261.5,7,273.5,0,1,3,-0.8699999999772999,,
826,0,train,826,53,2289.0,7,277.0,0,1,3,-0.8899999999770999,,
827,0,train,827,53,2315.5,7,280.5,0,0,3,-0.8799999999771999,,
828,0,train,828,53,2342.0,7,284.0,0,1,3,-0.8799999999771999,,
829,0,train,829,53,2368.5,7,287.5,0,0,3,-0.8799999999771999,,
830,0,train,830,54,2396.5,7,291.0,0,1,3,-0.8999999999770001,,
831,0,train,831,54,2423.5,7,294.5,0,0,4,-1.1299999999771,,
832,0,train,832,54,2450.5,7,298.0,0,2,4,-0.8899999999771,,
833,0,train,833,50,2107.0,3,168.0,1,0,5,-1.4099999999979,,
834,0,train,834,47,1780.0,3,169.5,0,1,5,-0.5899999999880999,,
835,0,train,835,44,1493.5,3,171.0,0,1,5,-0.5599999999883999,,
836,0,train,836,42,1389.5,3,172.5,0,1,5,-0.5499999999885,,
837,0,train,837,40,1272.0,2,140.0,0,0,5,-0.4299999999937,,
838,0,train,838,36,1055.0,2,141.0,0,2,5,-0.41999999999179993,,
839,0,train,839,35,976.0,2,142.0,0,0,5,-0.4399999999916,,
840,0,train,840,34,890.0,2,143.0,0,1,5,-0.4299999999917,,
841,0,train,841,31,774.0,2,144.0,0,2,5,-0.3799999999921999,,
842,0,train,842,29,714.0,2,145.0,0,0,5,-0.36999999999230004,,
843,0,train,843,26,633.0,1,70.0,0,1,5,-0.22999999999769993,,
844,0,train,844,25,616.0,1,70.5,0,1,5,-0.2899999999951,,
845,0,train,845,23,560.0,1,71.0,0,0,5,-0.25999999999539997,,
846,0,train,846,20,501.0,1,71.5,0,0,5,-0.2199999999958,,
847,0,train,847,19,503.0,0,0.0,0,2,5,-0.1300000000007,,
848,0,train,848,18,482.5,0,0.0,0,0,5,-0.16999999999829998,,
849,0,train,849,16,479.0,0,0.0,0,0,6,-1.9399999999986002,,
850,0,train,850,16,487.0,0,0.0,0,1,6,-0.1599999999984,,
851,0,train,851,15,492.0,0,0.0,0,2,6,-0.1399999999986,,
852,0,train,852,15,499.5,0,0.0,1,0,6,-0.1499999999985,,
853,0,train,853,17,510.0,0,0.0,0,1,6,-0.18999999999809997,,
854,0,train,854,17,518.5,0,0.0,0,0,6,-0.16999999999829998,,
855,0,train,855,18,528.5,0,0.0,0,0,6,-0.1899999999981,,
856,0,train,856,19,539.0,0,0.0,0,0,6,-0.199999999998,,
857,0,train,857,19,548.5,0,0.0,0,0,6,-0.1899999999981,,
858,0,train,858,20,559.5,0,0.0,0,0,7,-0.44999999999789997,,
859,0,train,859,20,569.5,0,0.0,1,0,7,-0.199999999998,,
860,0,train,860,20,579.5,0,0.0,0,0,7,-0.199999999998,,
861,0,train,861,20,589.5,0,0.0,1,0,7,-0.199999999998,,
862,0,train,862,20,599.5,0,0.0,0,0,7,-0.199999999998,,
863,0,train,863,19,532.0,0,0.0,0,0,8,-1.3799999999982,,
864,0,train,864,20,470.0,0,0.0,0,1,8,-0.2099999999979,,
865,0,train,865,19,430.0,0,0.0,1,1,8,-0.1799999999982,,
866,0,train,866,19,371.5,0,0.0,0,1,8,-0.1899999999981,,
867,0,train,867,17,284.5,0,0.0,0,1,8,-0.14999999999849997,,
868,0,train,868,16,226.5,0,0.0,0,0,8,-0.14999999999850003,,
869,0,train,869,16,234.5,0,0.0,0,1,8,-0.1599999999984,,
870,0,train,870,15,203.0,0,0.0,0,1,8,-0.1399999999986,,
871,0,train,871,14,200.0,1,1.5,1,0,8,-0.22999999999370002,,
872,0,train,872,14,207.0,1,2.0,0,0,8,-0.1899999999961,,
873,0,train,873,15,215.5,1,2.5,0,1,8,-0.20999999999589997,,
874,0,train,874,16,224.5,1,3.0,0,1,8,-0.21999999999580006,,
875,0,train,875,16,232.5,1,3.5,1,1,8,-0.20999999999590002,,
876,0,train,876,18,243.5,1,4.0,0,0,8,-0.24999999999549993,,
877,0,train,877,19,254.0,2,6.0,0,1,8,-0.3499999999905,,
878,0,train,878,19,263.5,1,5.0,0,0,8,-0.18999999999810002,,
879,0,train,879,21,276.0,1,5.5,0,2,8,-0.27999999999520003,,
880,0,train,880,23,277.5,1,6.0,0,1,8,-0.29999999999499993,,
881,0,train,881,23,286.5,2,8.0,0,0,8,-0.37999999999020007,,
882,0,train,882,25,301.0,2,9.0,0,0,8,-0.36999999999229993,,
883,0,train,883,26,315.0,3,11.5,0,1,8,-0.4699999999873,,
884,0,train,884,27,329.5,3,13.0,0,0,8,-0.42999999998969995,,
885,0,train,885,28,344.5,3,14.5,0,2,8,-0.43999999998959993,,
886,0,train,886,29,360.0,4,17.5,0,0,8,-0.5499999999845,,
887,0,train,887,31,377.5,3,17.5,0,0,8,-0.4299999999917,,
888,0,train,888,32,394.5,3,19.0,0,2,8,-0.47999999998919995,,
889,0,train,889,32,410.5,4,22.0,0,0,8,-0.5699999999843001,,
890,0,train,890,34,429.5,6,27.0,0,1,8,-0.7599999999763999,,
891,0,train,891,34,446.5,6,30.0,0,0,8,-0.6399999999816,,
892,0,train,892,36,466.5,6,33.0,0,1,8,-0.6799999999811999,,
893,0,train,893,36,484.5,6,36.0,0,0,8,-0.6599999999813999,,
894,0,train,894,37,504.0,7,40.5,0,1,8,-0.7799999999762002,,
895,0,train,895,39,525.5,7,44.0,0,0,8,-0.7599999999784,,
896,0,train,896,41,548.0,7,47.5,0,1,8,-0.7799999999781999,,
897,0,train,897,40,565.5,8,52.5,0,0,8,-0.8399999999736001,,
898,0,train,898,40,585.5,8,56.5,0,1,8,-0.799999999976,,
899,0,train,899,40,605.5,8,60.5,0,0,8,-0.799999999976,,
900,0,train,900,40,625.5,8,64.5,0,0,8,-0.799999999976,,
901,0,train,901,40,645.5,8,68.5,0,0,8,-0.799999999976,,
902,0,train,902,42,668.5,8,72.5,0,0,8,-0.8399999999756002,,
903,0,train,903,42,689.5,8,76.5,0,0,8,-0.8199999999758001,,
904,0,train,904,42,710.5,8,80.5,0,0,8,-0.8199999999758001,,
905,0,train,905,42,731.5,8,84.5,0,0,8,-0.8199999999758001,,
906,0,train,906,43,754.0,8,88.5,0,0,8,-0.8399999999755998,,
907,0,train,907,43,775.5,8,92.5,0,0,8,-0.8299999999757,,
908,0,train,908,43,797.0,8,96.5,0,0,8,-0.8299999999757,,
909,0,train,909,43,818.5,8,100.5,0,0,9,-1.0699999999757,,
910,0,train,910,44,841.5,8,104.5,0,0,9,-0.8499999999755001,,
911,0,train,911,46,866.5,8,108.5,0,0,9,-0.8799999999752,,
912,0,train,912,46,889.5,8,112.5,0,0,9,-0.8599999999754,,
913,0,train,913,47,914.0,8,116.5,0,0,9,-0.8799999999752,,
914,0,train,914,47,937.5,8,120.5,0,2,9,-0.8699999999753,,
915,0,train,915,47,961.0,8,124.5,0,2,9,-0.8699999999753,,
916,0,train,916,47,984.5,8,128.5,0,0,9,-0.8699999999753,,
917,0,train,917,48,1009.5,8,132.5,0,1,9,-0.8899999999750999,,
918,0,train,918,46,866.0,8,136.5,0,1,0,-1.8399999999756,,
919,0,train,919,44,790.0,8,140.5,0,1,0,-0.8199999999758001,,
920,0,train,920,43,737.0,8,144.5,0,1,0,-0.8199999999757999,,
921,0,train,921,42,728.5,8,148.5,0,0,0,-0.8099999999759002,,
922,0,train,922,42,728.0,8,152.5,0,1,0,-0.8199999999758001,,
923,0,train,923,40,711.0,8,156.5,0,0,0,-0.7799999999762,,
924,0,train,924,40,731.0,7,138.5,0,0,0,-0.6999999999809999,,
925,0,train,925,40,741.0,7,142.0,0,2,0,-0.7499999999785,,
926,0,train,926,40,761.0,6,126.0,0,1,0,-0.6499999999835001,,
927,0,train,927,40,781.0,5,104.5,0,0,0,-0.599999999986,,
928,0,train,928,40,801.0,3,58.5,0,1,0,-0.44999999999350004,,
929,0,train,929,40,821.0,3,60.0,0,1,0,-0.5499999999885,,
930,0,train,930,42,844.0,3,61.5,0,0,0,-0.5899999999880999,,
931,0,train,931,43,866.5,3,63.0,0,0,0,-0.5899999999880999,,
932,0,train,932,45,891.0,3,64.5,0,0,0,-0.6199999999878001,,
933,0,train,933,45,913.5,3,66.0,0,0,0,-0.599999999988,,
934,0,train,934,46,937.5,3,67.5,0,0,0,-0.6199999999878,,
935,0,train,935,46,960.5,3,69.0,0,1,0,-0.6099999999879,,
936,0,train,936,46,983.5,2,49.5,0,1,0,-0.5099999999928999,,
937,0,train,937,46,1006.5,2,50.5,0,0,0,-0.5599999999904,,
938,0,train,938,46,1029.5,2,51.5,0,1,0,-0.5599999999904,,
939,0,train,939,47,1054.0,2,52.5,0,1,0,-0.5799999999901999,,
940,0,train,940,47,1077.5,2,53.5,0,1,0,-0.5699999999902999,,
941,0,train,941,47,1101.0,2,54.5,0,0,0,-0.5699999999902999,,
942,0,train,942,48,1126.0,2,55.5,0,1,0,-0.5899999999901001,,
943,0,train,943,48,1150.0,2,56.5,0,0,0,-0.5799999999902,,
944,0,train,944,48,1174.0,2,57.5,0,0,0,-0.5799999999902,,
945,0,train,945,49,1199.5,2,58.5,0,0,0,-0.59999999999,,
946,0,train,946,49,1224.0,2,59.5,0,2,0,-0.5899999999901,,
947,0,train,947,50,1250.0,2,60.5,0,0,1,-2.4099999999898998,,
948,0,train,948,50,1275.0,2,61.5,0,0,1,-0.59999999999,,
949,0,train,949,51,1301.5,2,62.5,0,2,1,-0.6199999999897999,,
950,0,train,950,51,1327.0,2,63.5,0,0,1,-0.6099999999899,,
951,0,train,951,53,1355.5,2,64.5,0,2,1,-0.6499999999894999,,
952,0,train,952,53,1382.0,2,65.5,0,0,1,-0.6299999999896999,,
953,0,train,953,53,1408.5,2,66.5,0,0,1,-0.6299999999896999,,
954,0,train,954,52,1417.5,2,67.5,0,1,1,-0.6099999999899,,
955,0,train,955,51,1427.0,2,68.5,0,1,1,-0.59999999999,,
956,0,train,956,52,1454.0,2,69.5,0,0,1,-0.6299999999896999,,
957,0,train,957,53,1481.5,2,70.5,1,0,1,-0.6399999999895999,,
958,0,train,958,53,1508.0,2,71.5,0,0,1,-0.6299999999896999,,
959,0,train,959,53,1534.5,2,72.5,0,1,1,-0.6299999999896999,,
960,0,train,960,54,1562.5,2,73.5,0,0,1,-0.6499999999895001,,
961,0,train,961,54,1589.5,2,74.5,0,0,1,-0.6399999999896,,
962,0,train,962,53,1601.0,2,75.5,0,0,1,-0.6199999999897998,,
963,0,train,963,52,1614.0,2,76.5,0,0,1,-0.6099999999899,,
964,0,train,964,52,1640.0,2,77.5,0,0,1,-0.6199999999897999,,
965,0,train,965,52,1659.0,2,78.5,0,1,1,-0.6199999999897999,,
966,0,train,966,51,1679.0,2,79.5,0,1,1,-0.59999999999,,
967,0,train,967,51,1704.5,2,80.5,0,1,1,-0.6099999999899,,
968,0,train,968,51,1730.0,2,81.5,0,1,1,-0.6099999999899,,
969,0,train,969,51,1755.5,2,82.5,0,1,1,-0.6099999999899,,
970,0,train,970,51,1781.0,2,83.5,0,2,1,-0.6099999999899,,
971,0,train,971,51,1806.5,2,84.5,0,0,1,-0.6099999999899,,
972,0,train,972,51,1832.0,2,85.5,0,0,1,-0.6099999999899,,
973,0,train,973,51,1857.5,2,86.5,0,0,1,-0.6099999999899,,
974,0,train,974,51,1883.0,2,87.5,0,1,1,-0.6099999999899,,
975,0,train,975,52,1910.0,2,88.5,2,1,1,-0.6299999999896999,,
976,0,train,976,53,1937.5,2,89.5,0,0,1,-0.6399999999895999,,
977,0,train,977,53,1964.0,2,90.5,0,2,1,-0.6299999999896999,,
978,0,train,978,55,1993.5,2,91.5,0,0,1,-0.6699999999893,,
979,0,train,979,55,2021.0,2,92.5,0,0,1,-0.6499999999895,,
980,0,train,980,57,2051.5,2,93.5,0,1,1,-0.6899999999890999,,
981,0,train,981,57,2080.0,2,94.5,0,1,1,-0.6699999999892999,,
982,0,train,982,57,2108.5,3,97.0,0,0,1,-0.7699999999843,,
983,0,train,983,57,2137.0,3,98.5,0,0,1,-0.7199999999868,,
984,0,train,984,57,2165.5,3,100.0,0,0,1,-0.7199999999868,,
985,0,train,985,57,2194.0,4,103.0,0,1,1,-0.8199999999817998,,
986,0,train,986,59,2225.5,4,105.0,0,1,1,-0.8099999999839003,,
987,0,train,987,60,2256.5,4,107.0,0,0,1,-0.8099999999838998,,
988,0,train,988,60,2286.5,4,109.0,0,1,1,-0.799999999984,,
989,0,train,989,60,2316.5,4,111.0,0,0,1,-0.799999999984,,
990,0,train,990,60,2346.5,5,114.5,0,0,1,-0.899999999979,,
991,0,train,991,60,2376.5,5,116.5,0,0,1,-0.8499999999815,,
992,0,train,992,61,2408.0,5,119.0,0,0,1,-0.8699999999813,,
993,0,train,993,61,2438.5,5,121.5,0,0,1,-0.8599999999814,,
994,0,train,994,61,2469.0,6,125.5,0,0,1,-0.9599999999763998,,
995,0,train,995,61,2499.5,6,128.5,0,1,1,-0.9099999999788999,,
996,0,train,996,62,2531.5,6,131.5,0,0,1,-0.9299999999787001,,
997,0,train,997,62,2562.5,6,134.5,0,0,1,-0.9199999999788,,
998,0,train,998,62,2593.5,6,137.5,1,0,1,-0.9199999999788,,
999,0,train,999,62,2624.5,6,140.5,0,0,1,-0.9199999999788,,
